Command line invocation:
    /Applications/Xcode.app/Contents/Developer/usr/bin/xcodebuild -project apps/ios/TalentSignal.xcodeproj -scheme TalentSignal -configuration Release -sdk iphonesimulator -destination "generic/platform=iOS Simulator" -derivedDataPath /tmp/talent-signal-ios-release.MxM955 CODE_SIGNING_ALLOWED=NO build

Build settings from command line:
    CODE_SIGNING_ALLOWED = NO
    SDKROOT = iphonesimulator26.4

ComputePackagePrebuildTargetDependencyGraph

Prepare packages

CreateBuildRequest

SendProjectDescription

CreateBuildOperation

ComputeTargetDependencyGraph
note: Building targets in dependency order
note: Target dependency graph (1 target)
    Target 'TalentSignal' in project 'TalentSignal' (no dependencies)

GatherProvisioningInputs

CreateBuildDescription

ExecuteExternalTool /Applications/Xcode.app/Contents/Developer/Toolchains/XcodeDefault.xctoolchain/usr/bin/clang -v -E -dM -isysroot /Applications/Xcode.app/Contents/Developer/Platforms/iPhoneSimulator.platform/Developer/SDKs/iPhoneSimulator26.4.sdk -x c -c /dev/null

ExecuteExternalTool /Applications/Xcode.app/Contents/Developer/usr/bin/actool --print-asset-tag-combinations --output-format xml1 /Users/xiongxinwei/.codex/worktrees/7b14/talent-signal/apps/ios/Resources/Assets.xcassets

ExecuteExternalTool /Applications/Xcode.app/Contents/Developer/usr/bin/actool --version --output-format xml1

ExecuteExternalTool /Applications/Xcode.app/Contents/Developer/Toolchains/XcodeDefault.xctoolchain/usr/bin/swiftc --version

ExecuteExternalTool /Applications/Xcode.app/Contents/Developer/Toolchains/XcodeDefault.xctoolchain/usr/bin/ld -version_details

Build description signature: 8ac448c46033a638608028d190b505e1
Build description path: /tmp/talent-signal-ios-release.MxM955/Build/Intermediates.noindex/XCBuildData/8ac448c46033a638608028d190b505e1.xcbuilddata
CreateBuildDirectory /tmp/talent-signal-ios-release.MxM955/Build/Products
    cd /Users/xiongxinwei/.codex/worktrees/7b14/talent-signal/apps/ios/TalentSignal.xcodeproj
    builtin-create-build-directory /tmp/talent-signal-ios-release.MxM955/Build/Products

CreateBuildDirectory /tmp/talent-signal-ios-release.MxM955/Build/Intermediates.noindex
    cd /Users/xiongxinwei/.codex/worktrees/7b14/talent-signal/apps/ios/TalentSignal.xcodeproj
    builtin-create-build-directory /tmp/talent-signal-ios-release.MxM955/Build/Intermediates.noindex

ClangStatCache /Applications/Xcode.app/Contents/Developer/Toolchains/XcodeDefault.xctoolchain/usr/bin/clang-stat-cache /Applications/Xcode.app/Contents/Developer/Platforms/iPhoneSimulator.platform/Developer/SDKs/iPhoneSimulator26.4.sdk /tmp/talent-signal-ios-release.MxM955/SDKStatCaches.noindex/iphonesimulator26.4-23E237-686eebb5dc1d8ecb277353a59184f4aa.sdkstatcache
    cd /Users/xiongxinwei/.codex/worktrees/7b14/talent-signal/apps/ios/TalentSignal.xcodeproj
    /Applications/Xcode.app/Contents/Developer/Toolchains/XcodeDefault.xctoolchain/usr/bin/clang-stat-cache /Applications/Xcode.app/Contents/Developer/Platforms/iPhoneSimulator.platform/Developer/SDKs/iPhoneSimulator26.4.sdk -o /tmp/talent-signal-ios-release.MxM955/SDKStatCaches.noindex/iphonesimulator26.4-23E237-686eebb5dc1d8ecb277353a59184f4aa.sdkstatcache

CreateBuildDirectory /tmp/talent-signal-ios-release.MxM955/Build/Intermediates.noindex/SwiftExplicitPrecompiledModules
    cd /Users/xiongxinwei/.codex/worktrees/7b14/talent-signal/apps/ios/TalentSignal.xcodeproj
    builtin-create-build-directory /tmp/talent-signal-ios-release.MxM955/Build/Intermediates.noindex/SwiftExplicitPrecompiledModules

CreateBuildDirectory /tmp/talent-signal-ios-release.MxM955/Build/Intermediates.noindex/ExplicitPrecompiledModules
    cd /Users/xiongxinwei/.codex/worktrees/7b14/talent-signal/apps/ios/TalentSignal.xcodeproj
    builtin-create-build-directory /tmp/talent-signal-ios-release.MxM955/Build/Intermediates.noindex/ExplicitPrecompiledModules

CreateBuildDirectory /tmp/talent-signal-ios-release.MxM955/Build/Intermediates.noindex/EagerLinkingTBDs/Release-iphonesimulator
    cd /Users/xiongxinwei/.codex/worktrees/7b14/talent-signal/apps/ios/TalentSignal.xcodeproj
    builtin-create-build-directory /tmp/talent-signal-ios-release.MxM955/Build/Intermediates.noindex/EagerLinkingTBDs/Release-iphonesimulator

WriteAuxiliaryFile /tmp/talent-signal-ios-release.MxM955/Build/Intermediates.noindex/TalentSignal.build/Release-iphonesimulator/TalentSignal-0c38f11fb6f919da60f84daf34e2f51d-VFS-iphonesimulator/all-product-headers.yaml
    cd /Users/xiongxinwei/.codex/worktrees/7b14/talent-signal/apps/ios/TalentSignal.xcodeproj
    write-file /tmp/talent-signal-ios-release.MxM955/Build/Intermediates.noindex/TalentSignal.build/Release-iphonesimulator/TalentSignal-0c38f11fb6f919da60f84daf34e2f51d-VFS-iphonesimulator/all-product-headers.yaml

CreateBuildDirectory /tmp/talent-signal-ios-release.MxM955/Build/Products/Release-iphonesimulator
    cd /Users/xiongxinwei/.codex/worktrees/7b14/talent-signal/apps/ios/TalentSignal.xcodeproj
    builtin-create-build-directory /tmp/talent-signal-ios-release.MxM955/Build/Products/Release-iphonesimulator

WriteAuxiliaryFile /tmp/talent-signal-ios-release.MxM955/Build/Intermediates.noindex/TalentSignal.build/Release-iphonesimulator/TalentSignal.build/TalentSignal-generated-files.hmap (in target 'TalentSignal' from project 'TalentSignal')
    cd /Users/xiongxinwei/.codex/worktrees/7b14/talent-signal/apps/ios
    write-file /tmp/talent-signal-ios-release.MxM955/Build/Intermediates.noindex/TalentSignal.build/Release-iphonesimulator/TalentSignal.build/TalentSignal-generated-files.hmap

WriteAuxiliaryFile /tmp/talent-signal-ios-release.MxM955/Build/Intermediates.noindex/TalentSignal.build/Release-iphonesimulator/TalentSignal.build/TalentSignal.DependencyMetadataFileList (in target 'TalentSignal' from project 'TalentSignal')
    cd /Users/xiongxinwei/.codex/worktrees/7b14/talent-signal/apps/ios
    write-file /tmp/talent-signal-ios-release.MxM955/Build/Intermediates.noindex/TalentSignal.build/Release-iphonesimulator/TalentSignal.build/TalentSignal.DependencyMetadataFileList

WriteAuxiliaryFile /tmp/talent-signal-ios-release.MxM955/Build/Intermediates.noindex/TalentSignal.build/Release-iphonesimulator/TalentSignal.build/TalentSignal.hmap (in target 'TalentSignal' from project 'TalentSignal')
    cd /Users/xiongxinwei/.codex/worktrees/7b14/talent-signal/apps/ios
    write-file /tmp/talent-signal-ios-release.MxM955/Build/Intermediates.noindex/TalentSignal.build/Release-iphonesimulator/TalentSignal.build/TalentSignal.hmap

WriteAuxiliaryFile /tmp/talent-signal-ios-release.MxM955/Build/Intermediates.noindex/TalentSignal.build/Release-iphonesimulator/TalentSignal.build/TalentSignal-own-target-headers.hmap (in target 'TalentSignal' from project 'TalentSignal')
    cd /Users/xiongxinwei/.codex/worktrees/7b14/talent-signal/apps/ios
    write-file /tmp/talent-signal-ios-release.MxM955/Build/Intermediates.noindex/TalentSignal.build/Release-iphonesimulator/TalentSignal.build/TalentSignal-own-target-headers.hmap

WriteAuxiliaryFile /tmp/talent-signal-ios-release.MxM955/Build/Intermediates.noindex/TalentSignal.build/Release-iphonesimulator/TalentSignal.build/TalentSignal.DependencyStaticMetadataFileList (in target 'TalentSignal' from project 'TalentSignal')
    cd /Users/xiongxinwei/.codex/worktrees/7b14/talent-signal/apps/ios
    write-file /tmp/talent-signal-ios-release.MxM955/Build/Intermediates.noindex/TalentSignal.build/Release-iphonesimulator/TalentSignal.build/TalentSignal.DependencyStaticMetadataFileList

WriteAuxiliaryFile /tmp/talent-signal-ios-release.MxM955/Build/Intermediates.noindex/TalentSignal.build/Release-iphonesimulator/TalentSignal.build/TalentSignal-project-headers.hmap (in target 'TalentSignal' from project 'TalentSignal')
    cd /Users/xiongxinwei/.codex/worktrees/7b14/talent-signal/apps/ios
    write-file /tmp/talent-signal-ios-release.MxM955/Build/Intermediates.noindex/TalentSignal.build/Release-iphonesimulator/TalentSignal.build/TalentSignal-project-headers.hmap

WriteAuxiliaryFile /tmp/talent-signal-ios-release.MxM955/Build/Intermediates.noindex/TalentSignal.build/Release-iphonesimulator/TalentSignal.build/empty-TalentSignal.plist (in target 'TalentSignal' from project 'TalentSignal')
    cd /Users/xiongxinwei/.codex/worktrees/7b14/talent-signal/apps/ios
    write-file /tmp/talent-signal-ios-release.MxM955/Build/Intermediates.noindex/TalentSignal.build/Release-iphonesimulator/TalentSignal.build/empty-TalentSignal.plist

WriteAuxiliaryFile /tmp/talent-signal-ios-release.MxM955/Build/Intermediates.noindex/TalentSignal.build/Release-iphonesimulator/TalentSignal.build/TalentSignal-all-target-headers.hmap (in target 'TalentSignal' from project 'TalentSignal')
    cd /Users/xiongxinwei/.codex/worktrees/7b14/talent-signal/apps/ios
    write-file /tmp/talent-signal-ios-release.MxM955/Build/Intermediates.noindex/TalentSignal.build/Release-iphonesimulator/TalentSignal.build/TalentSignal-all-target-headers.hmap

WriteAuxiliaryFile /tmp/talent-signal-ios-release.MxM955/Build/Intermediates.noindex/TalentSignal.build/Release-iphonesimulator/TalentSignal.build/TalentSignal-all-non-framework-target-headers.hmap (in target 'TalentSignal' from project 'TalentSignal')
    cd /Users/xiongxinwei/.codex/worktrees/7b14/talent-signal/apps/ios
    write-file /tmp/talent-signal-ios-release.MxM955/Build/Intermediates.noindex/TalentSignal.build/Release-iphonesimulator/TalentSignal.build/TalentSignal-all-non-framework-target-headers.hmap

WriteAuxiliaryFile /tmp/talent-signal-ios-release.MxM955/Build/Intermediates.noindex/TalentSignal.build/Release-iphonesimulator/TalentSignal.build/Objects-normal/x86_64/TalentSignal-OutputFileMap.json (in target 'TalentSignal' from project 'TalentSignal')
    cd /Users/xiongxinwei/.codex/worktrees/7b14/talent-signal/apps/ios
    write-file /tmp/talent-signal-ios-release.MxM955/Build/Intermediates.noindex/TalentSignal.build/Release-iphonesimulator/TalentSignal.build/Objects-normal/x86_64/TalentSignal-OutputFileMap.json

WriteAuxiliaryFile /tmp/talent-signal-ios-release.MxM955/Build/Intermediates.noindex/TalentSignal.build/Release-iphonesimulator/TalentSignal.build/Objects-normal/x86_64/TalentSignal.SwiftFileList (in target 'TalentSignal' from project 'TalentSignal')
    cd /Users/xiongxinwei/.codex/worktrees/7b14/talent-signal/apps/ios
    write-file /tmp/talent-signal-ios-release.MxM955/Build/Intermediates.noindex/TalentSignal.build/Release-iphonesimulator/TalentSignal.build/Objects-normal/x86_64/TalentSignal.SwiftFileList

WriteAuxiliaryFile /tmp/talent-signal-ios-release.MxM955/Build/Intermediates.noindex/TalentSignal.build/Release-iphonesimulator/TalentSignal.build/Objects-normal/x86_64/TalentSignal.SwiftConstValuesFileList (in target 'TalentSignal' from project 'TalentSignal')
    cd /Users/xiongxinwei/.codex/worktrees/7b14/talent-signal/apps/ios
    write-file /tmp/talent-signal-ios-release.MxM955/Build/Intermediates.noindex/TalentSignal.build/Release-iphonesimulator/TalentSignal.build/Objects-normal/x86_64/TalentSignal.SwiftConstValuesFileList

WriteAuxiliaryFile /tmp/talent-signal-ios-release.MxM955/Build/Intermediates.noindex/TalentSignal.build/Release-iphonesimulator/TalentSignal.build/Objects-normal/x86_64/TalentSignal.LinkFileList (in target 'TalentSignal' from project 'TalentSignal')
    cd /Users/xiongxinwei/.codex/worktrees/7b14/talent-signal/apps/ios
    write-file /tmp/talent-signal-ios-release.MxM955/Build/Intermediates.noindex/TalentSignal.build/Release-iphonesimulator/TalentSignal.build/Objects-normal/x86_64/TalentSignal.LinkFileList

WriteAuxiliaryFile /tmp/talent-signal-ios-release.MxM955/Build/Intermediates.noindex/TalentSignal.build/Release-iphonesimulator/TalentSignal.build/Objects-normal/x86_64/TalentSignal_const_extract_protocols.json (in target 'TalentSignal' from project 'TalentSignal')
    cd /Users/xiongxinwei/.codex/worktrees/7b14/talent-signal/apps/ios
    write-file /tmp/talent-signal-ios-release.MxM955/Build/Intermediates.noindex/TalentSignal.build/Release-iphonesimulator/TalentSignal.build/Objects-normal/x86_64/TalentSignal_const_extract_protocols.json

WriteAuxiliaryFile /tmp/talent-signal-ios-release.MxM955/Build/Intermediates.noindex/TalentSignal.build/Release-iphonesimulator/TalentSignal.build/Objects-normal/arm64/TalentSignal_const_extract_protocols.json (in target 'TalentSignal' from project 'TalentSignal')
    cd /Users/xiongxinwei/.codex/worktrees/7b14/talent-signal/apps/ios
    write-file /tmp/talent-signal-ios-release.MxM955/Build/Intermediates.noindex/TalentSignal.build/Release-iphonesimulator/TalentSignal.build/Objects-normal/arm64/TalentSignal_const_extract_protocols.json

WriteAuxiliaryFile /tmp/talent-signal-ios-release.MxM955/Build/Intermediates.noindex/TalentSignal.build/Release-iphonesimulator/TalentSignal.build/Objects-normal/arm64/TalentSignal.SwiftFileList (in target 'TalentSignal' from project 'TalentSignal')
    cd /Users/xiongxinwei/.codex/worktrees/7b14/talent-signal/apps/ios
    write-file /tmp/talent-signal-ios-release.MxM955/Build/Intermediates.noindex/TalentSignal.build/Release-iphonesimulator/TalentSignal.build/Objects-normal/arm64/TalentSignal.SwiftFileList

WriteAuxiliaryFile /tmp/talent-signal-ios-release.MxM955/Build/Intermediates.noindex/TalentSignal.build/Release-iphonesimulator/TalentSignal.build/Objects-normal/arm64/TalentSignal.SwiftConstValuesFileList (in target 'TalentSignal' from project 'TalentSignal')
    cd /Users/xiongxinwei/.codex/worktrees/7b14/talent-signal/apps/ios
    write-file /tmp/talent-signal-ios-release.MxM955/Build/Intermediates.noindex/TalentSignal.build/Release-iphonesimulator/TalentSignal.build/Objects-normal/arm64/TalentSignal.SwiftConstValuesFileList

WriteAuxiliaryFile /tmp/talent-signal-ios-release.MxM955/Build/Intermediates.noindex/TalentSignal.build/Release-iphonesimulator/TalentSignal.build/Objects-normal/arm64/TalentSignal.LinkFileList (in target 'TalentSignal' from project 'TalentSignal')
    cd /Users/xiongxinwei/.codex/worktrees/7b14/talent-signal/apps/ios
    write-file /tmp/talent-signal-ios-release.MxM955/Build/Intermediates.noindex/TalentSignal.build/Release-iphonesimulator/TalentSignal.build/Objects-normal/arm64/TalentSignal.LinkFileList

WriteAuxiliaryFile /tmp/talent-signal-ios-release.MxM955/Build/Intermediates.noindex/TalentSignal.build/Release-iphonesimulator/TalentSignal.build/Objects-normal/arm64/TalentSignal-OutputFileMap.json (in target 'TalentSignal' from project 'TalentSignal')
    cd /Users/xiongxinwei/.codex/worktrees/7b14/talent-signal/apps/ios
    write-file /tmp/talent-signal-ios-release.MxM955/Build/Intermediates.noindex/TalentSignal.build/Release-iphonesimulator/TalentSignal.build/Objects-normal/arm64/TalentSignal-OutputFileMap.json

MkDir /tmp/talent-signal-ios-release.MxM955/Build/Products/Release-iphonesimulator/TalentSignal.app (in target 'TalentSignal' from project 'TalentSignal')
    cd /Users/xiongxinwei/.codex/worktrees/7b14/talent-signal/apps/ios
    /bin/mkdir -p /tmp/talent-signal-ios-release.MxM955/Build/Products/Release-iphonesimulator/TalentSignal.app

CpResource /tmp/talent-signal-ios-release.MxM955/Build/Products/Release-iphonesimulator/TalentSignal.app/PrivacyInfo.xcprivacy /Users/xiongxinwei/.codex/worktrees/7b14/talent-signal/apps/ios/Resources/PrivacyInfo.xcprivacy (in target 'TalentSignal' from project 'TalentSignal')
    cd /Users/xiongxinwei/.codex/worktrees/7b14/talent-signal/apps/ios
    builtin-copy -exclude .DS_Store -exclude CVS -exclude .svn -exclude .git -exclude .hg -resolve-src-symlinks /Users/xiongxinwei/.codex/worktrees/7b14/talent-signal/apps/ios/Resources/PrivacyInfo.xcprivacy /tmp/talent-signal-ios-release.MxM955/Build/Products/Release-iphonesimulator/TalentSignal.app

MkDir /tmp/talent-signal-ios-release.MxM955/Build/Intermediates.noindex/TalentSignal.build/Release-iphonesimulator/TalentSignal.build/assetcatalog_output/unthinned (in target 'TalentSignal' from project 'TalentSignal')
    cd /Users/xiongxinwei/.codex/worktrees/7b14/talent-signal/apps/ios
    /bin/mkdir -p /tmp/talent-signal-ios-release.MxM955/Build/Intermediates.noindex/TalentSignal.build/Release-iphonesimulator/TalentSignal.build/assetcatalog_output/unthinned

MkDir /tmp/talent-signal-ios-release.MxM955/Build/Intermediates.noindex/TalentSignal.build/Release-iphonesimulator/TalentSignal.build/assetcatalog_output/thinned (in target 'TalentSignal' from project 'TalentSignal')
    cd /Users/xiongxinwei/.codex/worktrees/7b14/talent-signal/apps/ios
    /bin/mkdir -p /tmp/talent-signal-ios-release.MxM955/Build/Intermediates.noindex/TalentSignal.build/Release-iphonesimulator/TalentSignal.build/assetcatalog_output/thinned

GenerateAssetSymbols /Users/xiongxinwei/.codex/worktrees/7b14/talent-signal/apps/ios/Resources/Assets.xcassets (in target 'TalentSignal' from project 'TalentSignal')
    cd /Users/xiongxinwei/.codex/worktrees/7b14/talent-signal/apps/ios
    /Applications/Xcode.app/Contents/Developer/usr/bin/actool /Users/xiongxinwei/.codex/worktrees/7b14/talent-signal/apps/ios/Resources/Assets.xcassets --compile /tmp/talent-signal-ios-release.MxM955/Build/Products/Release-iphonesimulator/TalentSignal.app --output-format human-readable-text --notices --warnings --export-dependency-info /tmp/talent-signal-ios-release.MxM955/Build/Intermediates.noindex/TalentSignal.build/Release-iphonesimulator/TalentSignal.build/assetcatalog_dependencies --output-partial-info-plist /tmp/talent-signal-ios-release.MxM955/Build/Intermediates.noindex/TalentSignal.build/Release-iphonesimulator/TalentSignal.build/assetcatalog_generated_info.plist --app-icon AppIcon --accent-color AccentColor --compress-pngs --enable-on-demand-resources YES --development-region en --target-device iphone --target-device ipad --minimum-deployment-target 16.0 --platform iphonesimulator --bundle-identifier com.talentsignal.app --generate-swift-asset-symbol-extensions NO --generate-swift-asset-symbols /tmp/talent-signal-ios-release.MxM955/Build/Intermediates.noindex/TalentSignal.build/Release-iphonesimulator/TalentSignal.build/DerivedSources/GeneratedAssetSymbols.swift --generate-objc-asset-symbols /tmp/talent-signal-ios-release.MxM955/Build/Intermediates.noindex/TalentSignal.build/Release-iphonesimulator/TalentSignal.build/DerivedSources/GeneratedAssetSymbols.h --generate-asset-symbol-index /tmp/talent-signal-ios-release.MxM955/Build/Intermediates.noindex/TalentSignal.build/Release-iphonesimulator/TalentSignal.build/DerivedSources/GeneratedAssetSymbols-Index.plist
/* com.apple.actool.compilation-results */
/tmp/talent-signal-ios-release.MxM955/Build/Intermediates.noindex/TalentSignal.build/Release-iphonesimulator/TalentSignal.build/DerivedSources/GeneratedAssetSymbols-Index.plist
/tmp/talent-signal-ios-release.MxM955/Build/Intermediates.noindex/TalentSignal.build/Release-iphonesimulator/TalentSignal.build/DerivedSources/GeneratedAssetSymbols.h
/tmp/talent-signal-ios-release.MxM955/Build/Intermediates.noindex/TalentSignal.build/Release-iphonesimulator/TalentSignal.build/DerivedSources/GeneratedAssetSymbols.swift


CompileAssetCatalogVariant thinned /tmp/talent-signal-ios-release.MxM955/Build/Products/Release-iphonesimulator/TalentSignal.app /Users/xiongxinwei/.codex/worktrees/7b14/talent-signal/apps/ios/Resources/Assets.xcassets (in target 'TalentSignal' from project 'TalentSignal')
    cd /Users/xiongxinwei/.codex/worktrees/7b14/talent-signal/apps/ios
    /Applications/Xcode.app/Contents/Developer/usr/bin/actool /Users/xiongxinwei/.codex/worktrees/7b14/talent-signal/apps/ios/Resources/Assets.xcassets --compile /tmp/talent-signal-ios-release.MxM955/Build/Intermediates.noindex/TalentSignal.build/Release-iphonesimulator/TalentSignal.build/assetcatalog_output/thinned --output-format human-readable-text --notices --warnings --export-dependency-info /tmp/talent-signal-ios-release.MxM955/Build/Intermediates.noindex/TalentSignal.build/Release-iphonesimulator/TalentSignal.build/assetcatalog_dependencies_thinned --output-partial-info-plist /tmp/talent-signal-ios-release.MxM955/Build/Intermediates.noindex/TalentSignal.build/Release-iphonesimulator/TalentSignal.build/assetcatalog_generated_info.plist_thinned --app-icon AppIcon --accent-color AccentColor --compress-pngs --enable-on-demand-resources YES --development-region en --target-device iphone --target-device ipad --minimum-deployment-target 16.0 --platform iphonesimulator
/* com.apple.actool.compilation-results */
/tmp/talent-signal-ios-release.MxM955/Build/Intermediates.noindex/TalentSignal.build/Release-iphonesimulator/TalentSignal.build/assetcatalog_generated_info.plist_thinned
/tmp/talent-signal-ios-release.MxM955/Build/Intermediates.noindex/TalentSignal.build/Release-iphonesimulator/TalentSignal.build/assetcatalog_output/thinned/AppIcon60x60@2x.png
/tmp/talent-signal-ios-release.MxM955/Build/Intermediates.noindex/TalentSignal.build/Release-iphonesimulator/TalentSignal.build/assetcatalog_output/thinned/AppIcon76x76@2x~ipad.png
/tmp/talent-signal-ios-release.MxM955/Build/Intermediates.noindex/TalentSignal.build/Release-iphonesimulator/TalentSignal.build/assetcatalog_output/thinned/Assets.car


SwiftDriver TalentSignal normal arm64 com.apple.xcode.tools.swift.compiler (in target 'TalentSignal' from project 'TalentSignal')
    cd /Users/xiongxinwei/.codex/worktrees/7b14/talent-signal/apps/ios
    builtin-SwiftDriver -- /Applications/Xcode.app/Contents/Developer/Toolchains/XcodeDefault.xctoolchain/usr/bin/swiftc -module-name TalentSignal -O -whole-module-optimization @/tmp/talent-signal-ios-release.MxM955/Build/Intermediates.noindex/TalentSignal.build/Release-iphonesimulator/TalentSignal.build/Objects-normal/arm64/TalentSignal.SwiftFileList -enable-bare-slash-regex -enable-experimental-feature DebugDescriptionMacro -sdk /Applications/Xcode.app/Contents/Developer/Platforms/iPhoneSimulator.platform/Developer/SDKs/iPhoneSimulator26.4.sdk -target arm64-apple-ios16.0-simulator -g -module-cache-path /tmp/talent-signal-ios-release.MxM955/ModuleCache.noindex -Xfrontend -serialize-debugging-options -profile-coverage-mapping -profile-generate -swift-version 5 -I /tmp/talent-signal-ios-release.MxM955/Build/Products/Release-iphonesimulator -F /tmp/talent-signal-ios-release.MxM955/Build/Products/Release-iphonesimulator -c -num-threads 8 -Xcc -ivfsstatcache -Xcc /tmp/talent-signal-ios-release.MxM955/SDKStatCaches.noindex/iphonesimulator26.4-23E237-686eebb5dc1d8ecb277353a59184f4aa.sdkstatcache -output-file-map /tmp/talent-signal-ios-release.MxM955/Build/Intermediates.noindex/TalentSignal.build/Release-iphonesimulator/TalentSignal.build/Objects-normal/arm64/TalentSignal-OutputFileMap.json -use-frontend-parseable-output -save-temps -no-color-diagnostics -explicit-module-build -module-cache-path /tmp/talent-signal-ios-release.MxM955/Build/Intermediates.noindex/SwiftExplicitPrecompiledModules -clang-scanner-module-cache-path /tmp/talent-signal-ios-release.MxM955/ModuleCache.noindex -sdk-module-cache-path /tmp/talent-signal-ios-release.MxM955/ModuleCache.noindex -serialize-diagnostics -emit-dependencies -emit-module -emit-module-path /tmp/talent-signal-ios-release.MxM955/Build/Intermediates.noindex/TalentSignal.build/Release-iphonesimulator/TalentSignal.build/Objects-normal/arm64/TalentSignal.swiftmodule -validate-clang-modules-once -clang-build-session-file /tmp/talent-signal-ios-release.MxM955/ModuleCache.noindex/Session.modulevalidation -Xcc -I/tmp/talent-signal-ios-release.MxM955/Build/Intermediates.noindex/TalentSignal.build/Release-iphonesimulator/TalentSignal.build/swift-overrides.hmap -emit-const-values -Xfrontend -const-gather-protocols-file -Xfrontend /tmp/talent-signal-ios-release.MxM955/Build/Intermediates.noindex/TalentSignal.build/Release-iphonesimulator/TalentSignal.build/Objects-normal/arm64/TalentSignal_const_extract_protocols.json -Xcc -iquote -Xcc /tmp/talent-signal-ios-release.MxM955/Build/Intermediates.noindex/TalentSignal.build/Release-iphonesimulator/TalentSignal.build/TalentSignal-generated-files.hmap -Xcc -I/tmp/talent-signal-ios-release.MxM955/Build/Intermediates.noindex/TalentSignal.build/Release-iphonesimulator/TalentSignal.build/TalentSignal-own-target-headers.hmap -Xcc -I/tmp/talent-signal-ios-release.MxM955/Build/Intermediates.noindex/TalentSignal.build/Release-iphonesimulator/TalentSignal.build/TalentSignal-all-target-headers.hmap -Xcc -iquote -Xcc /tmp/talent-signal-ios-release.MxM955/Build/Intermediates.noindex/TalentSignal.build/Release-iphonesimulator/TalentSignal.build/TalentSignal-project-headers.hmap -Xcc -I/tmp/talent-signal-ios-release.MxM955/Build/Products/Release-iphonesimulator/include -Xcc -I/tmp/talent-signal-ios-release.MxM955/Build/Intermediates.noindex/TalentSignal.build/Release-iphonesimulator/TalentSignal.build/DerivedSources-normal/arm64 -Xcc -I/tmp/talent-signal-ios-release.MxM955/Build/Intermediates.noindex/TalentSignal.build/Release-iphonesimulator/TalentSignal.build/DerivedSources/arm64 -Xcc -I/tmp/talent-signal-ios-release.MxM955/Build/Intermediates.noindex/TalentSignal.build/Release-iphonesimulator/TalentSignal.build/DerivedSources -emit-objc-header -emit-objc-header-path /tmp/talent-signal-ios-release.MxM955/Build/Intermediates.noindex/TalentSignal.build/Release-iphonesimulator/TalentSignal.build/Objects-normal/arm64/TalentSignal-Swift.h -working-directory /Users/xiongxinwei/.codex/worktrees/7b14/talent-signal/apps/ios -no-emit-module-separately-wmo

SwiftDriver TalentSignal normal x86_64 com.apple.xcode.tools.swift.compiler (in target 'TalentSignal' from project 'TalentSignal')
    cd /Users/xiongxinwei/.codex/worktrees/7b14/talent-signal/apps/ios
    builtin-SwiftDriver -- /Applications/Xcode.app/Contents/Developer/Toolchains/XcodeDefault.xctoolchain/usr/bin/swiftc -module-name TalentSignal -O -whole-module-optimization @/tmp/talent-signal-ios-release.MxM955/Build/Intermediates.noindex/TalentSignal.build/Release-iphonesimulator/TalentSignal.build/Objects-normal/x86_64/TalentSignal.SwiftFileList -enable-bare-slash-regex -enable-experimental-feature DebugDescriptionMacro -sdk /Applications/Xcode.app/Contents/Developer/Platforms/iPhoneSimulator.platform/Developer/SDKs/iPhoneSimulator26.4.sdk -target x86_64-apple-ios16.0-simulator -g -module-cache-path /tmp/talent-signal-ios-release.MxM955/ModuleCache.noindex -Xfrontend -serialize-debugging-options -profile-coverage-mapping -profile-generate -swift-version 5 -I /tmp/talent-signal-ios-release.MxM955/Build/Products/Release-iphonesimulator -F /tmp/talent-signal-ios-release.MxM955/Build/Products/Release-iphonesimulator -c -num-threads 8 -Xcc -ivfsstatcache -Xcc /tmp/talent-signal-ios-release.MxM955/SDKStatCaches.noindex/iphonesimulator26.4-23E237-686eebb5dc1d8ecb277353a59184f4aa.sdkstatcache -output-file-map /tmp/talent-signal-ios-release.MxM955/Build/Intermediates.noindex/TalentSignal.build/Release-iphonesimulator/TalentSignal.build/Objects-normal/x86_64/TalentSignal-OutputFileMap.json -use-frontend-parseable-output -save-temps -no-color-diagnostics -explicit-module-build -module-cache-path /tmp/talent-signal-ios-release.MxM955/Build/Intermediates.noindex/SwiftExplicitPrecompiledModules -clang-scanner-module-cache-path /tmp/talent-signal-ios-release.MxM955/ModuleCache.noindex -sdk-module-cache-path /tmp/talent-signal-ios-release.MxM955/ModuleCache.noindex -serialize-diagnostics -emit-dependencies -emit-module -emit-module-path /tmp/talent-signal-ios-release.MxM955/Build/Intermediates.noindex/TalentSignal.build/Release-iphonesimulator/TalentSignal.build/Objects-normal/x86_64/TalentSignal.swiftmodule -validate-clang-modules-once -clang-build-session-file /tmp/talent-signal-ios-release.MxM955/ModuleCache.noindex/Session.modulevalidation -Xcc -I/tmp/talent-signal-ios-release.MxM955/Build/Intermediates.noindex/TalentSignal.build/Release-iphonesimulator/TalentSignal.build/swift-overrides.hmap -emit-const-values -Xfrontend -const-gather-protocols-file -Xfrontend /tmp/talent-signal-ios-release.MxM955/Build/Intermediates.noindex/TalentSignal.build/Release-iphonesimulator/TalentSignal.build/Objects-normal/x86_64/TalentSignal_const_extract_protocols.json -Xcc -iquote -Xcc /tmp/talent-signal-ios-release.MxM955/Build/Intermediates.noindex/TalentSignal.build/Release-iphonesimulator/TalentSignal.build/TalentSignal-generated-files.hmap -Xcc -I/tmp/talent-signal-ios-release.MxM955/Build/Intermediates.noindex/TalentSignal.build/Release-iphonesimulator/TalentSignal.build/TalentSignal-own-target-headers.hmap -Xcc -I/tmp/talent-signal-ios-release.MxM955/Build/Intermediates.noindex/TalentSignal.build/Release-iphonesimulator/TalentSignal.build/TalentSignal-all-target-headers.hmap -Xcc -iquote -Xcc /tmp/talent-signal-ios-release.MxM955/Build/Intermediates.noindex/TalentSignal.build/Release-iphonesimulator/TalentSignal.build/TalentSignal-project-headers.hmap -Xcc -I/tmp/talent-signal-ios-release.MxM955/Build/Products/Release-iphonesimulator/include -Xcc -I/tmp/talent-signal-ios-release.MxM955/Build/Intermediates.noindex/TalentSignal.build/Release-iphonesimulator/TalentSignal.build/DerivedSources-normal/x86_64 -Xcc -I/tmp/talent-signal-ios-release.MxM955/Build/Intermediates.noindex/TalentSignal.build/Release-iphonesimulator/TalentSignal.build/DerivedSources/x86_64 -Xcc -I/tmp/talent-signal-ios-release.MxM955/Build/Intermediates.noindex/TalentSignal.build/Release-iphonesimulator/TalentSignal.build/DerivedSources -emit-objc-header -emit-objc-header-path /tmp/talent-signal-ios-release.MxM955/Build/Intermediates.noindex/TalentSignal.build/Release-iphonesimulator/TalentSignal.build/Objects-normal/x86_64/TalentSignal-Swift.h -working-directory /Users/xiongxinwei/.codex/worktrees/7b14/talent-signal/apps/ios -no-emit-module-separately-wmo

SwiftDriver\ Compilation TalentSignal normal x86_64 com.apple.xcode.tools.swift.compiler (in target 'TalentSignal' from project 'TalentSignal')
    cd /Users/xiongxinwei/.codex/worktrees/7b14/talent-signal/apps/ios
    builtin-Swift-Compilation -- /Applications/Xcode.app/Contents/Developer/Toolchains/XcodeDefault.xctoolchain/usr/bin/swiftc -module-name TalentSignal -O -whole-module-optimization @/tmp/talent-signal-ios-release.MxM955/Build/Intermediates.noindex/TalentSignal.build/Release-iphonesimulator/TalentSignal.build/Objects-normal/x86_64/TalentSignal.SwiftFileList -enable-bare-slash-regex -enable-experimental-feature DebugDescriptionMacro -sdk /Applications/Xcode.app/Contents/Developer/Platforms/iPhoneSimulator.platform/Developer/SDKs/iPhoneSimulator26.4.sdk -target x86_64-apple-ios16.0-simulator -g -module-cache-path /tmp/talent-signal-ios-release.MxM955/ModuleCache.noindex -Xfrontend -serialize-debugging-options -profile-coverage-mapping -profile-generate -swift-version 5 -I /tmp/talent-signal-ios-release.MxM955/Build/Products/Release-iphonesimulator -F /tmp/talent-signal-ios-release.MxM955/Build/Products/Release-iphonesimulator -c -num-threads 8 -Xcc -ivfsstatcache -Xcc /tmp/talent-signal-ios-release.MxM955/SDKStatCaches.noindex/iphonesimulator26.4-23E237-686eebb5dc1d8ecb277353a59184f4aa.sdkstatcache -output-file-map /tmp/talent-signal-ios-release.MxM955/Build/Intermediates.noindex/TalentSignal.build/Release-iphonesimulator/TalentSignal.build/Objects-normal/x86_64/TalentSignal-OutputFileMap.json -use-frontend-parseable-output -save-temps -no-color-diagnostics -explicit-module-build -module-cache-path /tmp/talent-signal-ios-release.MxM955/Build/Intermediates.noindex/SwiftExplicitPrecompiledModules -clang-scanner-module-cache-path /tmp/talent-signal-ios-release.MxM955/ModuleCache.noindex -sdk-module-cache-path /tmp/talent-signal-ios-release.MxM955/ModuleCache.noindex -serialize-diagnostics -emit-dependencies -emit-module -emit-module-path /tmp/talent-signal-ios-release.MxM955/Build/Intermediates.noindex/TalentSignal.build/Release-iphonesimulator/TalentSignal.build/Objects-normal/x86_64/TalentSignal.swiftmodule -validate-clang-modules-once -clang-build-session-file /tmp/talent-signal-ios-release.MxM955/ModuleCache.noindex/Session.modulevalidation -Xcc -I/tmp/talent-signal-ios-release.MxM955/Build/Intermediates.noindex/TalentSignal.build/Release-iphonesimulator/TalentSignal.build/swift-overrides.hmap -emit-const-values -Xfrontend -const-gather-protocols-file -Xfrontend /tmp/talent-signal-ios-release.MxM955/Build/Intermediates.noindex/TalentSignal.build/Release-iphonesimulator/TalentSignal.build/Objects-normal/x86_64/TalentSignal_const_extract_protocols.json -Xcc -iquote -Xcc /tmp/talent-signal-ios-release.MxM955/Build/Intermediates.noindex/TalentSignal.build/Release-iphonesimulator/TalentSignal.build/TalentSignal-generated-files.hmap -Xcc -I/tmp/talent-signal-ios-release.MxM955/Build/Intermediates.noindex/TalentSignal.build/Release-iphonesimulator/TalentSignal.build/TalentSignal-own-target-headers.hmap -Xcc -I/tmp/talent-signal-ios-release.MxM955/Build/Intermediates.noindex/TalentSignal.build/Release-iphonesimulator/TalentSignal.build/TalentSignal-all-target-headers.hmap -Xcc -iquote -Xcc /tmp/talent-signal-ios-release.MxM955/Build/Intermediates.noindex/TalentSignal.build/Release-iphonesimulator/TalentSignal.build/TalentSignal-project-headers.hmap -Xcc -I/tmp/talent-signal-ios-release.MxM955/Build/Products/Release-iphonesimulator/include -Xcc -I/tmp/talent-signal-ios-release.MxM955/Build/Intermediates.noindex/TalentSignal.build/Release-iphonesimulator/TalentSignal.build/DerivedSources-normal/x86_64 -Xcc -I/tmp/talent-signal-ios-release.MxM955/Build/Intermediates.noindex/TalentSignal.build/Release-iphonesimulator/TalentSignal.build/DerivedSources/x86_64 -Xcc -I/tmp/talent-signal-ios-release.MxM955/Build/Intermediates.noindex/TalentSignal.build/Release-iphonesimulator/TalentSignal.build/DerivedSources -emit-objc-header -emit-objc-header-path /tmp/talent-signal-ios-release.MxM955/Build/Intermediates.noindex/TalentSignal.build/Release-iphonesimulator/TalentSignal.build/Objects-normal/x86_64/TalentSignal-Swift.h -working-directory /Users/xiongxinwei/.codex/worktrees/7b14/talent-signal/apps/ios -no-emit-module-separately-wmo

SwiftExplicitDependencyGeneratePcm x86_64 /tmp/talent-signal-ios-release.MxM955/ModuleCache.noindex/DeveloperToolsSupport-7ESYFV1GG2W7Q8VOGJJ02SILN.pcm

SwiftExplicitDependencyGeneratePcm x86_64 /tmp/talent-signal-ios-release.MxM955/ModuleCache.noindex/ptrauth-8O8TJ7A82DMGQZP9QGR1A9G8O.pcm

SwiftExplicitDependencyGeneratePcm x86_64 /tmp/talent-signal-ios-release.MxM955/ModuleCache.noindex/_Builtin_stdarg-7BKQB4Y1N86UAVWLLMXSMQF4T.pcm

SwiftExplicitDependencyGeneratePcm x86_64 /tmp/talent-signal-ios-release.MxM955/ModuleCache.noindex/_SwiftConcurrencyShims-7AFUFF1VKMW6TWPCJRHCZF340.pcm

SwiftExplicitDependencyGeneratePcm x86_64 /tmp/talent-signal-ios-release.MxM955/ModuleCache.noindex/_Builtin_stddef-BCB43NM3R76G8U7N0IZI67W9Q.pcm

SwiftExplicitDependencyGeneratePcm x86_64 /tmp/talent-signal-ios-release.MxM955/ModuleCache.noindex/_AvailabilityInternal-E4R1KC6WAJMBBRKUE39EKQR7C.pcm

SwiftExplicitDependencyGeneratePcm x86_64 /tmp/talent-signal-ios-release.MxM955/ModuleCache.noindex/SwiftShims-6TJ2T76VB05MG2VFZQ4Z8FEUE.pcm

SwiftExplicitDependencyGeneratePcm arm64 /tmp/talent-signal-ios-release.MxM955/ModuleCache.noindex/SwiftShims-4ZJV8RUYWQ9BOWLCZ6MS16X3M.pcm

SwiftExplicitDependencyGeneratePcm arm64 /tmp/talent-signal-ios-release.MxM955/ModuleCache.noindex/_Builtin_stdbool-E5H0JJ04P02AS99COB8PR76EC.pcm

SwiftExplicitDependencyGeneratePcm arm64 /tmp/talent-signal-ios-release.MxM955/ModuleCache.noindex/ptrcheck-7Z73MXD6NJVTAHQ5PA12Q6J0R.pcm

SwiftExplicitDependencyGeneratePcm arm64 /tmp/talent-signal-ios-release.MxM955/ModuleCache.noindex/_AvailabilityInternal-43521MYQOK0VBVRC5X8JS0AHZ.pcm

SwiftExplicitDependencyGeneratePcm arm64 /tmp/talent-signal-ios-release.MxM955/ModuleCache.noindex/_Builtin_float-3WYWMZB78QQN0Q9KY6KZLNBZ0.pcm

SwiftExplicitDependencyGeneratePcm arm64 /tmp/talent-signal-ios-release.MxM955/ModuleCache.noindex/_Builtin_stdarg-6MLT9LZ93K0CP8ZZ4R6XMCS6O.pcm

SwiftExplicitDependencyGeneratePcm arm64 /tmp/talent-signal-ios-release.MxM955/ModuleCache.noindex/_Builtin_stddef-EU8ILCXVK08JO80AZ2O1VD27E.pcm

SwiftExplicitDependencyGeneratePcm arm64 /tmp/talent-signal-ios-release.MxM955/ModuleCache.noindex/ptrauth-CYWASREK809U0YAJS3400E2A4.pcm

SwiftExplicitDependencyGeneratePcm arm64 /tmp/talent-signal-ios-release.MxM955/ModuleCache.noindex/_SwiftConcurrencyShims-2HKFYL3SJNGP788JWQMO495AF.pcm

SwiftExplicitDependencyGeneratePcm x86_64 /tmp/talent-signal-ios-release.MxM955/ModuleCache.noindex/ptrcheck-D8E0HWUV28T3BE7Z6IE7M19XZ.pcm

SwiftExplicitDependencyGeneratePcm x86_64 /tmp/talent-signal-ios-release.MxM955/ModuleCache.noindex/_Builtin_stdbool-9NBHH5CMZJ2RX0Z34YNTG3UCN.pcm

SwiftExplicitDependencyGeneratePcm arm64 /tmp/talent-signal-ios-release.MxM955/ModuleCache.noindex/_DarwinFoundation1-YYY3CQRHQFNBR9UMSJQ3JB8A.pcm

SwiftExplicitDependencyGeneratePcm arm64 /tmp/talent-signal-ios-release.MxM955/ModuleCache.noindex/DeveloperToolsSupport-B7FSAEIGELZXYKCOSO9L93QX8.pcm

SwiftExplicitDependencyGeneratePcm x86_64 /tmp/talent-signal-ios-release.MxM955/ModuleCache.noindex/_Builtin_float-7BQY2P3HR4PIEYJ9DACALP8M1.pcm

SwiftDriver\ Compilation TalentSignal normal arm64 com.apple.xcode.tools.swift.compiler (in target 'TalentSignal' from project 'TalentSignal')
    cd /Users/xiongxinwei/.codex/worktrees/7b14/talent-signal/apps/ios
    builtin-Swift-Compilation -- /Applications/Xcode.app/Contents/Developer/Toolchains/XcodeDefault.xctoolchain/usr/bin/swiftc -module-name TalentSignal -O -whole-module-optimization @/tmp/talent-signal-ios-release.MxM955/Build/Intermediates.noindex/TalentSignal.build/Release-iphonesimulator/TalentSignal.build/Objects-normal/arm64/TalentSignal.SwiftFileList -enable-bare-slash-regex -enable-experimental-feature DebugDescriptionMacro -sdk /Applications/Xcode.app/Contents/Developer/Platforms/iPhoneSimulator.platform/Developer/SDKs/iPhoneSimulator26.4.sdk -target arm64-apple-ios16.0-simulator -g -module-cache-path /tmp/talent-signal-ios-release.MxM955/ModuleCache.noindex -Xfrontend -serialize-debugging-options -profile-coverage-mapping -profile-generate -swift-version 5 -I /tmp/talent-signal-ios-release.MxM955/Build/Products/Release-iphonesimulator -F /tmp/talent-signal-ios-release.MxM955/Build/Products/Release-iphonesimulator -c -num-threads 8 -Xcc -ivfsstatcache -Xcc /tmp/talent-signal-ios-release.MxM955/SDKStatCaches.noindex/iphonesimulator26.4-23E237-686eebb5dc1d8ecb277353a59184f4aa.sdkstatcache -output-file-map /tmp/talent-signal-ios-release.MxM955/Build/Intermediates.noindex/TalentSignal.build/Release-iphonesimulator/TalentSignal.build/Objects-normal/arm64/TalentSignal-OutputFileMap.json -use-frontend-parseable-output -save-temps -no-color-diagnostics -explicit-module-build -module-cache-path /tmp/talent-signal-ios-release.MxM955/Build/Intermediates.noindex/SwiftExplicitPrecompiledModules -clang-scanner-module-cache-path /tmp/talent-signal-ios-release.MxM955/ModuleCache.noindex -sdk-module-cache-path /tmp/talent-signal-ios-release.MxM955/ModuleCache.noindex -serialize-diagnostics -emit-dependencies -emit-module -emit-module-path /tmp/talent-signal-ios-release.MxM955/Build/Intermediates.noindex/TalentSignal.build/Release-iphonesimulator/TalentSignal.build/Objects-normal/arm64/TalentSignal.swiftmodule -validate-clang-modules-once -clang-build-session-file /tmp/talent-signal-ios-release.MxM955/ModuleCache.noindex/Session.modulevalidation -Xcc -I/tmp/talent-signal-ios-release.MxM955/Build/Intermediates.noindex/TalentSignal.build/Release-iphonesimulator/TalentSignal.build/swift-overrides.hmap -emit-const-values -Xfrontend -const-gather-protocols-file -Xfrontend /tmp/talent-signal-ios-release.MxM955/Build/Intermediates.noindex/TalentSignal.build/Release-iphonesimulator/TalentSignal.build/Objects-normal/arm64/TalentSignal_const_extract_protocols.json -Xcc -iquote -Xcc /tmp/talent-signal-ios-release.MxM955/Build/Intermediates.noindex/TalentSignal.build/Release-iphonesimulator/TalentSignal.build/TalentSignal-generated-files.hmap -Xcc -I/tmp/talent-signal-ios-release.MxM955/Build/Intermediates.noindex/TalentSignal.build/Release-iphonesimulator/TalentSignal.build/TalentSignal-own-target-headers.hmap -Xcc -I/tmp/talent-signal-ios-release.MxM955/Build/Intermediates.noindex/TalentSignal.build/Release-iphonesimulator/TalentSignal.build/TalentSignal-all-target-headers.hmap -Xcc -iquote -Xcc /tmp/talent-signal-ios-release.MxM955/Build/Intermediates.noindex/TalentSignal.build/Release-iphonesimulator/TalentSignal.build/TalentSignal-project-headers.hmap -Xcc -I/tmp/talent-signal-ios-release.MxM955/Build/Products/Release-iphonesimulator/include -Xcc -I/tmp/talent-signal-ios-release.MxM955/Build/Intermediates.noindex/TalentSignal.build/Release-iphonesimulator/TalentSignal.build/DerivedSources-normal/arm64 -Xcc -I/tmp/talent-signal-ios-release.MxM955/Build/Intermediates.noindex/TalentSignal.build/Release-iphonesimulator/TalentSignal.build/DerivedSources/arm64 -Xcc -I/tmp/talent-signal-ios-release.MxM955/Build/Intermediates.noindex/TalentSignal.build/Release-iphonesimulator/TalentSignal.build/DerivedSources -emit-objc-header -emit-objc-header-path /tmp/talent-signal-ios-release.MxM955/Build/Intermediates.noindex/TalentSignal.build/Release-iphonesimulator/TalentSignal.build/Objects-normal/arm64/TalentSignal-Swift.h -working-directory /Users/xiongxinwei/.codex/worktrees/7b14/talent-signal/apps/ios -no-emit-module-separately-wmo

SwiftExplicitDependencyGeneratePcm x86_64 /tmp/talent-signal-ios-release.MxM955/ModuleCache.noindex/_DarwinFoundation1-4R7566X1W9V2Z4H1J5G43ACR6.pcm

SwiftExplicitDependencyGeneratePcm arm64 /tmp/talent-signal-ios-release.MxM955/ModuleCache.noindex/_Builtin_limits-16XIYUU9X7DT43OSQ1L0JRAKT.pcm

SwiftExplicitDependencyGeneratePcm arm64 /tmp/talent-signal-ios-release.MxM955/ModuleCache.noindex/_DarwinFoundation2-9XUHJHVMSUKJLK7DCFG57K0VC.pcm

SwiftExplicitDependencyGeneratePcm arm64 /tmp/talent-signal-ios-release.MxM955/ModuleCache.noindex/ExtensionFoundation-1U41QGGPPAS2L2EE5ZS5TUPV7.pcm

SwiftExplicitDependencyGeneratePcm x86_64 /tmp/talent-signal-ios-release.MxM955/ModuleCache.noindex/ExtensionFoundation-VWMYPJKLNYJCKW70J60630E.pcm

SwiftExplicitDependencyGeneratePcm x86_64 /tmp/talent-signal-ios-release.MxM955/ModuleCache.noindex/_DarwinFoundation2-B39UTK5FDR3LF77JPBNTLF0Y.pcm

SwiftExplicitDependencyGeneratePcm x86_64 /tmp/talent-signal-ios-release.MxM955/ModuleCache.noindex/_Builtin_limits-531JENEFH6XH7UZ9SCEOFLHK1.pcm

SwiftExplicitDependencyGeneratePcm arm64 /tmp/talent-signal-ios-release.MxM955/ModuleCache.noindex/sys_types-ES2W166VN859K29BAA433HG22.pcm

SwiftExplicitDependencyGeneratePcm arm64 /tmp/talent-signal-ios-release.MxM955/ModuleCache.noindex/_Builtin_tgmath-5I0REBB7DRO3QQGJ0410ZTAO1.pcm

SwiftExplicitDependencyGeneratePcm arm64 /tmp/talent-signal-ios-release.MxM955/ModuleCache.noindex/_Builtin_stdint-C0NB6NZUWPHQ8PCMQUAIMHM7R.pcm

SwiftExplicitDependencyGeneratePcm x86_64 /tmp/talent-signal-ios-release.MxM955/ModuleCache.noindex/_Builtin_tgmath-5ETZKXV24KLCSJOCIPQO5GUXJ.pcm

SwiftExplicitDependencyGeneratePcm x86_64 /tmp/talent-signal-ios-release.MxM955/ModuleCache.noindex/sys_types-94BEW7SLGBKXH1CH1UY7LZFNT.pcm

SwiftExplicitDependencyGeneratePcm x86_64 /tmp/talent-signal-ios-release.MxM955/ModuleCache.noindex/_Builtin_stdint-1OYESCBU2A5ZHHUQ7EVDZGN4R.pcm

SwiftExplicitDependencyGeneratePcm arm64 /tmp/talent-signal-ios-release.MxM955/ModuleCache.noindex/_Builtin_intrinsics-BKZ79J8RK2ZBHEB7V7ERWC7Q.pcm

SwiftExplicitDependencyGeneratePcm arm64 /tmp/talent-signal-ios-release.MxM955/ModuleCache.noindex/_Builtin_stdatomic-73LMXCEOGDSP0G7PFNPS1ZWSQ.pcm

SwiftExplicitDependencyGeneratePcm arm64 /tmp/talent-signal-ios-release.MxM955/ModuleCache.noindex/_DarwinFoundation3-2UWAYQBKH58PTBK000O6I0F1C.pcm

SwiftExplicitDependencyGeneratePcm x86_64 /tmp/talent-signal-ios-release.MxM955/ModuleCache.noindex/_DarwinFoundation3-EM089NRLGFQXN9K5MRGER1F2.pcm

SwiftExplicitDependencyGeneratePcm x86_64 /tmp/talent-signal-ios-release.MxM955/ModuleCache.noindex/_Builtin_stdatomic-4ECV2UZPEPY6DJ7M8T10P7TW8.pcm

SwiftExplicitDependencyGeneratePcm arm64 /tmp/talent-signal-ios-release.MxM955/ModuleCache.noindex/_Builtin_inttypes-AFR2HAUMMFU5W5S35NK9MCY2F.pcm

SwiftExplicitDependencyGeneratePcm x86_64 /tmp/talent-signal-ios-release.MxM955/ModuleCache.noindex/_Builtin_inttypes-69XUU1AZO5M0V04J60L9CPDQZ.pcm

SwiftExplicitDependencyGeneratePcm x86_64 /tmp/talent-signal-ios-release.MxM955/ModuleCache.noindex/_Builtin_intrinsics-TSO0HV3ME7D27PH80COQYN1L.pcm

SwiftExplicitDependencyGeneratePcm arm64 /tmp/talent-signal-ios-release.MxM955/ModuleCache.noindex/Darwin-7YLAW9XHBAQ4QDCMULE72OE6Z.pcm

SwiftExplicitDependencyGeneratePcm x86_64 /tmp/talent-signal-ios-release.MxM955/ModuleCache.noindex/Darwin-CR1NIFRW2QCM2YTN0K4K27JUR.pcm

SwiftExplicitDependencyGeneratePcm arm64 /tmp/talent-signal-ios-release.MxM955/ModuleCache.noindex/simd-6U5RRB4WSB81JIDHRLV47IE5S.pcm

SwiftExplicitDependencyGeneratePcm x86_64 /tmp/talent-signal-ios-release.MxM955/ModuleCache.noindex/simd-7JQD4W0XKXSTT7NJGQUHVJ9IA.pcm

SwiftExplicitDependencyGeneratePcm arm64 /tmp/talent-signal-ios-release.MxM955/ModuleCache.noindex/ObjectiveC-5NJQ0BLRKMWZXTER4MZEBX2TV.pcm

SwiftExplicitDependencyGeneratePcm arm64 /tmp/talent-signal-ios-release.MxM955/ModuleCache.noindex/MachO-6FOA6KCVEQVCB04QCBC5XQR7H.pcm

SwiftExplicitDependencyGeneratePcm x86_64 /tmp/talent-signal-ios-release.MxM955/ModuleCache.noindex/ObjectiveC-EVLOP452JG42OMJ00VML94I1N.pcm

SwiftExplicitDependencyGeneratePcm x86_64 /tmp/talent-signal-ios-release.MxM955/ModuleCache.noindex/MachO-5GMJT8B2SY907NJVD2AWHA0LZ.pcm

SwiftExplicitDependencyGeneratePcm x86_64 /tmp/talent-signal-ios-release.MxM955/ModuleCache.noindex/os_object-49LWABJQ9BG6Y9MKFW76DC79K.pcm

SwiftExplicitDependencyGeneratePcm arm64 /tmp/talent-signal-ios-release.MxM955/ModuleCache.noindex/os_object-CAYG2BC9R3P5PQGZJ65Q87PWF.pcm

SwiftExplicitDependencyGeneratePcm x86_64 /tmp/talent-signal-ios-release.MxM955/ModuleCache.noindex/os_workgroup-ACN0C4HAQHFKF9ZU2AZB580A0.pcm

SwiftExplicitDependencyGeneratePcm arm64 /tmp/talent-signal-ios-release.MxM955/ModuleCache.noindex/os_workgroup-CTY83FUSRLY74N9OYBLGW9YV7.pcm

SwiftExplicitDependencyGeneratePcm arm64 /tmp/talent-signal-ios-release.MxM955/ModuleCache.noindex/Spatial-EIN2DHOA44BQAQL7RO64TVMZ3.pcm

SwiftExplicitDependencyGeneratePcm x86_64 /tmp/talent-signal-ios-release.MxM955/ModuleCache.noindex/Dispatch-71ZDO1PZ56K5Y4E59ZMOZS6OV.pcm

SwiftExplicitDependencyGeneratePcm arm64 /tmp/talent-signal-ios-release.MxM955/ModuleCache.noindex/Dispatch-8NCHKZ51SI2PKK7Y5HMFJBOLN.pcm

SwiftExplicitDependencyGeneratePcm x86_64 /tmp/talent-signal-ios-release.MxM955/ModuleCache.noindex/XPC-AESQ8BZU5A4ZRHVXZ74VDJDL5.pcm

SwiftExplicitDependencyGeneratePcm x86_64 /tmp/talent-signal-ios-release.MxM955/ModuleCache.noindex/dnssd-C2B0EH95XWRF5ABVMLTPHTFUQ.pcm

SwiftExplicitDependencyGeneratePcm x86_64 /tmp/talent-signal-ios-release.MxM955/ModuleCache.noindex/CoreFoundation-73B3PFRC33DXDY40RGK39A4X6.pcm

SwiftExplicitDependencyGeneratePcm arm64 /tmp/talent-signal-ios-release.MxM955/ModuleCache.noindex/CoreFoundation-9CYER7DZKSAMWA68QOIK362JF.pcm

SwiftExplicitDependencyGeneratePcm arm64 /tmp/talent-signal-ios-release.MxM955/ModuleCache.noindex/XPC-1K410ZTRAE6UBI8HJWY4O2H7R.pcm

SwiftExplicitDependencyGeneratePcm arm64 /tmp/talent-signal-ios-release.MxM955/ModuleCache.noindex/dnssd-7XBZ3XZZLLFRMHE8OW8757DFJ.pcm

SwiftExplicitDependencyGeneratePcm x86_64 /tmp/talent-signal-ios-release.MxM955/ModuleCache.noindex/os-C29PUN189DHJB0GC8VSYYMHEE.pcm

SwiftExplicitDependencyGeneratePcm arm64 /tmp/talent-signal-ios-release.MxM955/ModuleCache.noindex/os-2L7F7G2QM8NETH2UODRKND3IV.pcm

SwiftExplicitDependencyGeneratePcm x86_64 /tmp/talent-signal-ios-release.MxM955/ModuleCache.noindex/CoreAudioTypes-ABCEL6ZNOL0XCQLN2WXP9MZ1W.pcm

SwiftExplicitDependencyGeneratePcm x86_64 /tmp/talent-signal-ios-release.MxM955/ModuleCache.noindex/CFNetwork-I3DQFQG3J7VTBG0EA3BCF3QE.pcm

SwiftExplicitDependencyGeneratePcm x86_64 /tmp/talent-signal-ios-release.MxM955/ModuleCache.noindex/Spatial-98WMYCF0TMO3SSGYPEBLK8BBX.pcm

SwiftExplicitDependencyGeneratePcm x86_64 /tmp/talent-signal-ios-release.MxM955/ModuleCache.noindex/Security-8M909FO84UXKIRCHY7AYHPAN5.pcm

SwiftExplicitDependencyGeneratePcm x86_64 /tmp/talent-signal-ios-release.MxM955/ModuleCache.noindex/CoreGraphics-4JNWAQ8HW65MI2OZSG3KEPXUH.pcm

SwiftExplicitDependencyGeneratePcm arm64 /tmp/talent-signal-ios-release.MxM955/ModuleCache.noindex/CoreAudioTypes-F1CDLKMIMMT23H1DVN6ULQEN.pcm

SwiftExplicitDependencyGeneratePcm arm64 /tmp/talent-signal-ios-release.MxM955/ModuleCache.noindex/CFNetwork-6VC95EZNRC557RMBMBQS0UT4V.pcm

SwiftExplicitDependencyGeneratePcm arm64 /tmp/talent-signal-ios-release.MxM955/ModuleCache.noindex/CoreGraphics-4X7NJS61SLQSO6712UVZQYCAF.pcm

SwiftExplicitDependencyGeneratePcm arm64 /tmp/talent-signal-ios-release.MxM955/ModuleCache.noindex/Security-487PIVGEM1T43HB9AO09M2GL5.pcm

SwiftExplicitDependencyGeneratePcm x86_64 /tmp/talent-signal-ios-release.MxM955/ModuleCache.noindex/CoreAudio-1QACHKEPU4YJOP9V6G5LW3DGR.pcm

SwiftExplicitDependencyGeneratePcm x86_64 /tmp/talent-signal-ios-release.MxM955/ModuleCache.noindex/Foundation-44U6AOEB729NA4H7KSFQJ86PA.pcm

SwiftExplicitDependencyGeneratePcm arm64 /tmp/talent-signal-ios-release.MxM955/ModuleCache.noindex/CoreAudio-6LNMP50ROOTQQE5BK2X8AKNBJ.pcm

SwiftExplicitDependencyGeneratePcm x86_64 /tmp/talent-signal-ios-release.MxM955/ModuleCache.noindex/ImageIO-9MIZV1ZDZ78TFP6SJ08PG98M2.pcm

SwiftExplicitDependencyGeneratePcm x86_64 /tmp/talent-signal-ios-release.MxM955/ModuleCache.noindex/CoreText-99FKBHE7MRPD7TZ9TTG2SENK9.pcm

SwiftExplicitDependencyGeneratePcm arm64 /tmp/talent-signal-ios-release.MxM955/ModuleCache.noindex/ImageIO-4ZNSNX6IS12MWOKAY3ARMOHYI.pcm

SwiftExplicitDependencyGeneratePcm arm64 /tmp/talent-signal-ios-release.MxM955/ModuleCache.noindex/CoreText-I3CSWOYG7AWXVHCGXN5R57Y4.pcm

SwiftExplicitDependencyGeneratePcm arm64 /tmp/talent-signal-ios-release.MxM955/ModuleCache.noindex/Foundation-12907LKIACCJFDHTM1E890ZDC.pcm

SwiftExplicitDependencyGeneratePcm x86_64 /tmp/talent-signal-ios-release.MxM955/ModuleCache.noindex/DataDetection-3Y8TGWOFVRNW2QRVE53M7M1G5.pcm

SwiftExplicitDependencyGeneratePcm x86_64 /tmp/talent-signal-ios-release.MxM955/ModuleCache.noindex/UIUtilities-CASJFJPKF2JDKWP343O6QVGJT.pcm

SwiftExplicitDependencyGeneratePcm x86_64 /tmp/talent-signal-ios-release.MxM955/ModuleCache.noindex/UserNotifications-7SJR94VNDRQX04XB18U7J54H1.pcm

SwiftExplicitDependencyGeneratePcm x86_64 /tmp/talent-signal-ios-release.MxM955/ModuleCache.noindex/CoreMIDI-DM11EU5719TUSW5610JWQUKAP.pcm

SwiftExplicitDependencyGeneratePcm x86_64 /tmp/talent-signal-ios-release.MxM955/ModuleCache.noindex/_LocationEssentials-T4Z9FEEV8XDF9XLOQT3ZLD09.pcm

SwiftExplicitDependencyGeneratePcm x86_64 /tmp/talent-signal-ios-release.MxM955/ModuleCache.noindex/CoreData-2RLSGNQTINW6MATMURG11450E.pcm

SwiftExplicitDependencyGeneratePcm x86_64 /tmp/talent-signal-ios-release.MxM955/ModuleCache.noindex/Network-23ZZ1HK3GE25QT84NOP109P1V.pcm

SwiftExplicitDependencyGeneratePcm arm64 /tmp/talent-signal-ios-release.MxM955/ModuleCache.noindex/OSLog-9E6NQQAAZYXYV3DPRZYMSFW9A.pcm

SwiftExplicitDependencyGeneratePcm arm64 /tmp/talent-signal-ios-release.MxM955/ModuleCache.noindex/CoreMIDI-4SSN30SWW4VU3P05C8EIP7W14.pcm

SwiftExplicitDependencyGeneratePcm arm64 /tmp/talent-signal-ios-release.MxM955/ModuleCache.noindex/DataDetection-YVAF87BX85VQC18ETOUTVRIJ.pcm

SwiftExplicitDependencyGeneratePcm arm64 /tmp/talent-signal-ios-release.MxM955/ModuleCache.noindex/UIUtilities-CAIR9IPTTV8FWH4RZVLYR3EEF.pcm

SwiftExplicitDependencyGeneratePcm arm64 /tmp/talent-signal-ios-release.MxM955/ModuleCache.noindex/FileProvider-7GJ84XOK7EYO28J3SGW6Q1M3R.pcm

SwiftExplicitDependencyGeneratePcm arm64 /tmp/talent-signal-ios-release.MxM955/ModuleCache.noindex/Accessibility-81UTN6XEVJCC7GNOA1W9YUDM1.pcm

SwiftExplicitDependencyGeneratePcm x86_64 /tmp/talent-signal-ios-release.MxM955/ModuleCache.noindex/AVRouting-E50JRDG3GGX20KF1K3A9LL7BD.pcm

SwiftExplicitDependencyGeneratePcm arm64 /tmp/talent-signal-ios-release.MxM955/ModuleCache.noindex/_LocationEssentials-CVYWE1N0Y8GI5AA6NZ1ZLXJBS.pcm

SwiftExplicitDependencyGeneratePcm arm64 /tmp/talent-signal-ios-release.MxM955/ModuleCache.noindex/OpenGLES-6W33YAVA0EOBPRHA4EV54R5R2.pcm

SwiftExplicitDependencyGeneratePcm x86_64 /tmp/talent-signal-ios-release.MxM955/ModuleCache.noindex/OSLog-2U6XL05QLI2G0C7NAXV5OLRHW.pcm

SwiftExplicitDependencyGeneratePcm arm64 /tmp/talent-signal-ios-release.MxM955/ModuleCache.noindex/IOSurface-45555TN21QEW0PCDKUHFLNKLY.pcm

SwiftExplicitDependencyGeneratePcm arm64 /tmp/talent-signal-ios-release.MxM955/ModuleCache.noindex/AudioToolbox-CSXQKQRV3DUEH47WKMD281L4V.pcm

SwiftExplicitDependencyGeneratePcm arm64 /tmp/talent-signal-ios-release.MxM955/ModuleCache.noindex/CoreLocation-3QM5JOZS2J1UST0UUV5VHOREE.pcm

SwiftExplicitDependencyGeneratePcm arm64 /tmp/talent-signal-ios-release.MxM955/ModuleCache.noindex/CoreData-483MGS9XGQVMX5WX7S2OKPL3Z.pcm

SwiftExplicitDependencyGeneratePcm x86_64 /tmp/talent-signal-ios-release.MxM955/ModuleCache.noindex/OpenGLES-3OUYBTTYB9Z0QPXCG0NFV8P5E.pcm

SwiftExplicitDependencyGeneratePcm x86_64 /tmp/talent-signal-ios-release.MxM955/ModuleCache.noindex/Accessibility-4GWTKLQXJTLPGA55QYF3L8CB8.pcm

SwiftExplicitDependencyGeneratePcm arm64 /tmp/talent-signal-ios-release.MxM955/ModuleCache.noindex/UniformTypeIdentifiers-5YW80DP1KCN6IBU98RSIAQGNC.pcm

SwiftExplicitDependencyGeneratePcm x86_64 /tmp/talent-signal-ios-release.MxM955/ModuleCache.noindex/FileProvider-51UD3GOHEL50P86Z03HV77HEA.pcm

SwiftExplicitDependencyGeneratePcm arm64 /tmp/talent-signal-ios-release.MxM955/ModuleCache.noindex/Metal-4H1218KBN0PEDIRJUX6CQHB1E.pcm

SwiftExplicitDependencyGeneratePcm x86_64 /tmp/talent-signal-ios-release.MxM955/ModuleCache.noindex/AudioToolbox-7VFJ5M0LT5G88N3EY4CCADGU9.pcm

SwiftExplicitDependencyGeneratePcm arm64 /tmp/talent-signal-ios-release.MxM955/ModuleCache.noindex/CoreTransferable-2UFQ6NK5MORFCU7IBLS9Z9DX2.pcm

SwiftExplicitDependencyGeneratePcm arm64 /tmp/talent-signal-ios-release.MxM955/ModuleCache.noindex/UserNotifications-X72WIFCW7V4HM3BOJO5YWXUU.pcm

SwiftExplicitDependencyGeneratePcm x86_64 /tmp/talent-signal-ios-release.MxM955/ModuleCache.noindex/Symbols-EC27MY5FHWJM4Y96Z5B0KKCBH.pcm

SwiftExplicitDependencyGeneratePcm x86_64 /tmp/talent-signal-ios-release.MxM955/ModuleCache.noindex/CoreLocation-4QGW8XH6VHP9SQLDU0I9TBGYM.pcm

SwiftExplicitDependencyGeneratePcm x86_64 /tmp/talent-signal-ios-release.MxM955/ModuleCache.noindex/IOSurface-54043HA33RG9SUI01CD4MDUI3.pcm

SwiftExplicitDependencyGeneratePcm x86_64 /tmp/talent-signal-ios-release.MxM955/ModuleCache.noindex/UniformTypeIdentifiers-A5CV94U3BH3768H2WFNU22H66.pcm

SwiftExplicitDependencyGeneratePcm arm64 /tmp/talent-signal-ios-release.MxM955/ModuleCache.noindex/Network-3TOMJCVC6D2PLZ4D8B4OCJFOY.pcm

SwiftExplicitDependencyGeneratePcm x86_64 /tmp/talent-signal-ios-release.MxM955/ModuleCache.noindex/CoreTransferable-4D0SIJL3MO2ET5W8CA7301L8U.pcm

SwiftExplicitDependencyGeneratePcm arm64 /tmp/talent-signal-ios-release.MxM955/ModuleCache.noindex/Symbols-C45R53D7QZS5SSTRK6PEOTEKI.pcm

LinkAssetCatalog /Users/xiongxinwei/.codex/worktrees/7b14/talent-signal/apps/ios/Resources/Assets.xcassets (in target 'TalentSignal' from project 'TalentSignal')
    cd /Users/xiongxinwei/.codex/worktrees/7b14/talent-signal/apps/ios
    builtin-linkAssetCatalog --thinned /tmp/talent-signal-ios-release.MxM955/Build/Intermediates.noindex/TalentSignal.build/Release-iphonesimulator/TalentSignal.build/assetcatalog_output/thinned --thinned-dependencies /tmp/talent-signal-ios-release.MxM955/Build/Intermediates.noindex/TalentSignal.build/Release-iphonesimulator/TalentSignal.build/assetcatalog_dependencies_thinned --thinned-info-plist-content /tmp/talent-signal-ios-release.MxM955/Build/Intermediates.noindex/TalentSignal.build/Release-iphonesimulator/TalentSignal.build/assetcatalog_generated_info.plist_thinned --unthinned /tmp/talent-signal-ios-release.MxM955/Build/Intermediates.noindex/TalentSignal.build/Release-iphonesimulator/TalentSignal.build/assetcatalog_output/unthinned --unthinned-dependencies /tmp/talent-signal-ios-release.MxM955/Build/Intermediates.noindex/TalentSignal.build/Release-iphonesimulator/TalentSignal.build/assetcatalog_dependencies_unthinned --unthinned-info-plist-content /tmp/talent-signal-ios-release.MxM955/Build/Intermediates.noindex/TalentSignal.build/Release-iphonesimulator/TalentSignal.build/assetcatalog_generated_info.plist_unthinned --output /tmp/talent-signal-ios-release.MxM955/Build/Products/Release-iphonesimulator/TalentSignal.app --plist-output /tmp/talent-signal-ios-release.MxM955/Build/Intermediates.noindex/TalentSignal.build/Release-iphonesimulator/TalentSignal.build/assetcatalog_generated_info.plist
note: Emplaced /tmp/talent-signal-ios-release.MxM955/Build/Products/Release-iphonesimulator/TalentSignal.app/AppIcon60x60@2x.png (in target 'TalentSignal' from project 'TalentSignal')
note: Emplaced /tmp/talent-signal-ios-release.MxM955/Build/Products/Release-iphonesimulator/TalentSignal.app/Assets.car (in target 'TalentSignal' from project 'TalentSignal')
note: Emplaced /tmp/talent-signal-ios-release.MxM955/Build/Products/Release-iphonesimulator/TalentSignal.app/AppIcon76x76@2x~ipad.png (in target 'TalentSignal' from project 'TalentSignal')

ProcessInfoPlistFile /tmp/talent-signal-ios-release.MxM955/Build/Products/Release-iphonesimulator/TalentSignal.app/Info.plist /tmp/talent-signal-ios-release.MxM955/Build/Intermediates.noindex/TalentSignal.build/Release-iphonesimulator/TalentSignal.build/empty-TalentSignal.plist (in target 'TalentSignal' from project 'TalentSignal')
    cd /Users/xiongxinwei/.codex/worktrees/7b14/talent-signal/apps/ios
    builtin-infoPlistUtility /tmp/talent-signal-ios-release.MxM955/Build/Intermediates.noindex/TalentSignal.build/Release-iphonesimulator/TalentSignal.build/empty-TalentSignal.plist -producttype com.apple.product-type.application -genpkginfo /tmp/talent-signal-ios-release.MxM955/Build/Products/Release-iphonesimulator/TalentSignal.app/PkgInfo -expandbuildsettings -format binary -platform iphonesimulator -additionalcontentfile /tmp/talent-signal-ios-release.MxM955/Build/Intermediates.noindex/TalentSignal.build/Release-iphonesimulator/TalentSignal.build/assetcatalog_generated_info.plist -o /tmp/talent-signal-ios-release.MxM955/Build/Products/Release-iphonesimulator/TalentSignal.app/Info.plist

SwiftExplicitDependencyGeneratePcm x86_64 /tmp/talent-signal-ios-release.MxM955/ModuleCache.noindex/Metal-2S1LHYKAJFKVR7VZA14HT1FYH.pcm

SwiftExplicitDependencyGeneratePcm arm64 /tmp/talent-signal-ios-release.MxM955/ModuleCache.noindex/CoreVideo-8XXD0DP2YB0SEQPRN4QSW5D93.pcm

SwiftExplicitDependencyGeneratePcm arm64 /tmp/talent-signal-ios-release.MxM955/ModuleCache.noindex/AVRouting-7QAKCDRJ1LWZU089X2775GDA3.pcm

SwiftExplicitDependencyGeneratePcm arm64 /tmp/talent-signal-ios-release.MxM955/ModuleCache.noindex/CoreImage-BV498WRKNYWTIPACJV0O13BP6.pcm

SwiftExplicitDependencyGeneratePcm arm64 /tmp/talent-signal-ios-release.MxM955/ModuleCache.noindex/CoreMedia-93FNZ37V3E37RUNQTC2WYVTRN.pcm

SwiftExplicitDependencyGeneratePcm arm64 /tmp/talent-signal-ios-release.MxM955/ModuleCache.noindex/QuartzCore-3NBZMDUMXS2RXL5L3K5NQH7ED.pcm

SwiftExplicitDependencyGeneratePcm x86_64 /tmp/talent-signal-ios-release.MxM955/ModuleCache.noindex/CoreVideo-Q95R5Y7B5KXVSWWWJID9266I.pcm

SwiftExplicitDependencyGeneratePcm x86_64 /tmp/talent-signal-ios-release.MxM955/ModuleCache.noindex/QuartzCore-CCLRO1S99X9BPY34JQ133T3FG.pcm

SwiftExplicitDependencyGeneratePcm x86_64 /tmp/talent-signal-ios-release.MxM955/ModuleCache.noindex/CoreMedia-28UR74EHGWZAA0EX9MO8DKKPP.pcm

SwiftExplicitDependencyGeneratePcm x86_64 /tmp/talent-signal-ios-release.MxM955/ModuleCache.noindex/CoreImage-55354DKBAP9QZGLO5D4CHC9ZJ.pcm

SwiftExplicitDependencyGeneratePcm arm64 /tmp/talent-signal-ios-release.MxM955/ModuleCache.noindex/SwiftUICore-AIS50WLGYTJPBLRHLBGT51BB5.pcm

SwiftExplicitDependencyGeneratePcm arm64 /tmp/talent-signal-ios-release.MxM955/ModuleCache.noindex/AVFAudio-6P88H7RAFD0NRJ9F344AKH1PQ.pcm

SwiftExplicitDependencyGeneratePcm arm64 /tmp/talent-signal-ios-release.MxM955/ModuleCache.noindex/MediaToolbox-6ZG36162EVLZH1DUATDRX1CG5.pcm

SwiftExplicitDependencyGeneratePcm arm64 /tmp/talent-signal-ios-release.MxM955/ModuleCache.noindex/UIKit-EXK9NI2CNB5IO4NBHZFXAXZ2H.pcm

SwiftExplicitDependencyGeneratePcm x86_64 /tmp/talent-signal-ios-release.MxM955/ModuleCache.noindex/SwiftUICore-4E61VR5T3WP9ENC0Y5F4PJ2L0.pcm

SwiftExplicitDependencyGeneratePcm x86_64 /tmp/talent-signal-ios-release.MxM955/ModuleCache.noindex/MediaToolbox-AXDWYP92WGCOJU1WE2NG1TJTQ.pcm

SwiftExplicitDependencyGeneratePcm x86_64 /tmp/talent-signal-ios-release.MxM955/ModuleCache.noindex/AVFAudio-E4GBCYMZVRXJQUF8FRF0VKKO.pcm

SwiftExplicitDependencyGeneratePcm x86_64 /tmp/talent-signal-ios-release.MxM955/ModuleCache.noindex/UIKit-3RVZ2OBZIO83LGNUKPF3ADKTN.pcm

SwiftExplicitDependencyGeneratePcm arm64 /tmp/talent-signal-ios-release.MxM955/ModuleCache.noindex/AVFoundation-2VGIPFIVLKLY0V3219U7MZWFL.pcm

SwiftExplicitDependencyGeneratePcm x86_64 /tmp/talent-signal-ios-release.MxM955/ModuleCache.noindex/AVFoundation-4370P0T7LEJ8M8ZEG3QJRX3TH.pcm

SwiftExplicitDependencyGeneratePcm x86_64 /tmp/talent-signal-ios-release.MxM955/ModuleCache.noindex/Photos-4CAQ2VRKFY6EWJUR8OY36YHXD.pcm

SwiftExplicitDependencyGeneratePcm arm64 /tmp/talent-signal-ios-release.MxM955/ModuleCache.noindex/Photos-C5I9Z8US1Z09LVYX7EBSZLF2V.pcm

SwiftExplicitDependencyGeneratePcm arm64 /tmp/talent-signal-ios-release.MxM955/ModuleCache.noindex/PhotosUI-96TE5N6DBPGD30WQUJ72QT6RE.pcm

SwiftExplicitDependencyGeneratePcm arm64 /tmp/talent-signal-ios-release.MxM955/ModuleCache.noindex/SwiftUI-BVZEQBLVDRLSDJZ95NR4IGMYR.pcm

SwiftExplicitDependencyGeneratePcm x86_64 /tmp/talent-signal-ios-release.MxM955/ModuleCache.noindex/PhotosUI-8DV17MZUUQECTQJZEWA2SRV7D.pcm

SwiftExplicitDependencyGeneratePcm x86_64 /tmp/talent-signal-ios-release.MxM955/ModuleCache.noindex/SwiftUI-73UK4JV4LYI8FMAKDQYTMQY2F.pcm

SwiftCompile normal arm64 Compiling\ CandidateSignal.swift,\ CandidateSignalComponents.swift,\ CandidateSignalStore.swift,\ CandidateSignalView.swift,\ FixtureSyncClient.swift,\ TalentSignalApp.swift,\ GeneratedAssetSymbols.swift /Users/xiongxinwei/.codex/worktrees/7b14/talent-signal/apps/ios/Sources/Domain/CandidateSignal.swift /Users/xiongxinwei/.codex/worktrees/7b14/talent-signal/apps/ios/Sources/Features/CandidateSignalComponents.swift /Users/xiongxinwei/.codex/worktrees/7b14/talent-signal/apps/ios/Sources/Features/CandidateSignalStore.swift /Users/xiongxinwei/.codex/worktrees/7b14/talent-signal/apps/ios/Sources/Features/CandidateSignalView.swift /Users/xiongxinwei/.codex/worktrees/7b14/talent-signal/apps/ios/Sources/Services/FixtureSyncClient.swift /Users/xiongxinwei/.codex/worktrees/7b14/talent-signal/apps/ios/Sources/App/TalentSignalApp.swift /tmp/talent-signal-ios-release.MxM955/Build/Intermediates.noindex/TalentSignal.build/Release-iphonesimulator/TalentSignal.build/DerivedSources/GeneratedAssetSymbols.swift /Applications/Xcode.app/Contents/Developer/Toolchains/XcodeDefault.xctoolchain/usr/lib/swift/iphonesimulator/prebuilt-modules/26.4/_StringProcessing.swiftmodule/arm64-apple-ios-simulator.swiftmodule /Applications/Xcode.app/Contents/Developer/Toolchains/XcodeDefault.xctoolchain/usr/lib/swift/iphonesimulator/prebuilt-modules/26.4/CoreGraphics.swiftmodule/arm64-apple-ios-simulator.swiftmodule /Applications/Xcode.app/Contents/Developer/Toolchains/XcodeDefault.xctoolchain/usr/lib/swift/iphonesimulator/prebuilt-modules/26.4/UniformTypeIdentifiers.swiftmodule/arm64-apple-ios-simulator.swiftmodule /Applications/Xcode.app/Contents/Developer/Toolchains/XcodeDefault.xctoolchain/usr/lib/swift/iphonesimulator/prebuilt-modules/26.4/Foundation.swiftmodule/arm64-apple-ios-simulator.swiftmodule /Applications/Xcode.app/Contents/Developer/Toolchains/XcodeDefault.xctoolchain/usr/lib/swift/iphonesimulator/prebuilt-modules/26.4/Observation.swiftmodule/arm64-apple-ios-simulator.swiftmodule /Applications/Xcode.app/Contents/Developer/Toolchains/XcodeDefault.xctoolchain/usr/lib/swift/iphonesimulator/prebuilt-modules/26.4/ObjectiveC.swiftmodule/arm64-apple-ios-simulator.swiftmodule /Applications/Xcode.app/Contents/Developer/Toolchains/XcodeDefault.xctoolchain/usr/lib/swift/iphonesimulator/prebuilt-modules/26.4/CoreTransferable.swiftmodule/arm64-apple-ios-simulator.swiftmodule /Applications/Xcode.app/Contents/Developer/Toolchains/XcodeDefault.xctoolchain/usr/lib/swift/iphonesimulator/prebuilt-modules/26.4/DataDetection.swiftmodule/arm64-apple-ios-simulator.swiftmodule /Applications/Xcode.app/Contents/Developer/Toolchains/XcodeDefault.xctoolchain/usr/lib/swift/iphonesimulator/prebuilt-modules/26.4/DeveloperToolsSupport.swiftmodule/arm64-apple-ios-simulator.swiftmodule /Applications/Xcode.app/Contents/Developer/Toolchains/XcodeDefault.xctoolchain/usr/lib/swift/iphonesimulator/prebuilt-modules/26.4/AVFAudio.swiftmodule/arm64-apple-ios-simulator.swiftmodule /Applications/Xcode.app/Contents/Developer/Toolchains/XcodeDefault.xctoolchain/usr/lib/swift/iphonesimulator/prebuilt-modules/26.4/CoreText.swiftmodule/arm64-apple-ios-simulator.swiftmodule /Applications/Xcode.app/Contents/Developer/Toolchains/XcodeDefault.xctoolchain/usr/lib/swift/iphonesimulator/prebuilt-modules/26.4/simd.swiftmodule/arm64-apple-ios-simulator.swiftmodule /Applications/Xcode.app/Contents/Developer/Toolchains/XcodeDefault.xctoolchain/usr/lib/swift/iphonesimulator/prebuilt-modules/26.4/CoreMIDI.swiftmodule/arm64-apple-ios-simulator.swiftmodule /Applications/Xcode.app/Contents/Developer/Toolchains/XcodeDefault.xctoolchain/usr/lib/swift/iphonesimulator/prebuilt-modules/26.4/Combine.swiftmodule/arm64-apple-ios-simulator.swiftmodule /Applications/Xcode.app/Contents/Developer/Toolchains/XcodeDefault.xctoolchain/usr/lib/swift/iphonesimulator/prebuilt-modules/26.4/Symbols.swiftmodule/arm64-apple-ios-simulator.swiftmodule /Applications/Xcode.app/Contents/Developer/Toolchains/XcodeDefault.xctoolchain/usr/lib/swift/iphonesimulator/prebuilt-modules/26.4/_Concurrency.swiftmodule/arm64-apple-ios-simulator.swiftmodule /Applications/Xcode.app/Contents/Developer/Toolchains/XcodeDefault.xctoolchain/usr/lib/swift/iphonesimulator/prebuilt-modules/26.4/OSLog.swiftmodule/arm64-apple-ios-simulator.swiftmodule /Applications/Xcode.app/Contents/Developer/Toolchains/XcodeDefault.xctoolchain/usr/lib/swift/iphonesimulator/prebuilt-modules/26.4/Accessibility.swiftmodule/arm64-apple-ios-simulator.swiftmodule /Applications/Xcode.app/Contents/Developer/Toolchains/XcodeDefault.xctoolchain/usr/lib/swift/iphonesimulator/prebuilt-modules/26.4/ExtensionFoundation.swiftmodule/arm64-apple-ios-simulator.swiftmodule /Applications/Xcode.app/Contents/Developer/Toolchains/XcodeDefault.xctoolchain/usr/lib/swift/iphonesimulator/prebuilt-modules/26.4/Swift.swiftmodule/arm64-apple-ios-simulator.swiftmodule /Applications/Xcode.app/Contents/Developer/Toolchains/XcodeDefault.xctoolchain/usr/lib/swift/iphonesimulator/prebuilt-modules/26.4/SwiftUICore.swiftmodule/arm64-apple-ios-simulator.swiftmodule /Applications/Xcode.app/Contents/Developer/Toolchains/XcodeDefault.xctoolchain/usr/lib/swift/iphonesimulator/prebuilt-modules/26.4/CoreFoundation.swiftmodule/arm64-apple-ios-simulator.swiftmodule /Applications/Xcode.app/Contents/Developer/Toolchains/XcodeDefault.xctoolchain/usr/lib/swift/iphonesimulator/prebuilt-modules/26.4/SwiftUI.swiftmodule/arm64-apple-ios-simulator.swiftmodule /Applications/Xcode.app/Contents/Developer/Toolchains/XcodeDefault.xctoolchain/usr/lib/swift/iphonesimulator/prebuilt-modules/26.4/CoreImage.swiftmodule/arm64-apple-ios-simulator.swiftmodule /Applications/Xcode.app/Contents/Developer/Toolchains/XcodeDefault.xctoolchain/usr/lib/swift/iphonesimulator/prebuilt-modules/26.4/_Builtin_float.swiftmodule/arm64-apple-ios-simulator.swiftmodule /Applications/Xcode.app/Contents/Developer/Toolchains/XcodeDefault.xctoolchain/usr/lib/swift/iphonesimulator/prebuilt-modules/26.4/Photos.swiftmodule/arm64-apple-ios-simulator.swiftmodule /Applications/Xcode.app/Contents/Developer/Toolchains/XcodeDefault.xctoolchain/usr/lib/swift/iphonesimulator/prebuilt-modules/26.4/os.swiftmodule/arm64-apple-ios-simulator.swiftmodule /Applications/Xcode.app/Contents/Developer/Toolchains/XcodeDefault.xctoolchain/usr/lib/swift/iphonesimulator/prebuilt-modules/26.4/AVFoundation.swiftmodule/arm64-apple-ios-simulator.swiftmodule /Applications/Xcode.app/Contents/Developer/Toolchains/XcodeDefault.xctoolchain/usr/lib/swift/iphonesimulator/prebuilt-modules/26.4/Network.swiftmodule/arm64-apple-ios-simulator.swiftmodule /Applications/Xcode.app/Contents/Developer/Toolchains/XcodeDefault.xctoolchain/usr/lib/swift/iphonesimulator/prebuilt-modules/26.4/_DarwinFoundation2.swiftmodule/arm64-apple-ios-simulator.swiftmodule /Applications/Xcode.app/Contents/Developer/Toolchains/XcodeDefault.xctoolchain/usr/lib/swift/iphonesimulator/prebuilt-modules/26.4/_DarwinFoundation1.swiftmodule/arm64-apple-ios-simulator.swiftmodule /Applications/Xcode.app/Contents/Developer/Toolchains/XcodeDefault.xctoolchain/usr/lib/swift/iphonesimulator/prebuilt-modules/26.4/Darwin.swiftmodule/arm64-apple-ios-simulator.swiftmodule /Applications/Xcode.app/Contents/Developer/Toolchains/XcodeDefault.xctoolchain/usr/lib/swift/iphonesimulator/prebuilt-modules/26.4/Spatial.swiftmodule/arm64-apple-ios-simulator.swiftmodule /Applications/Xcode.app/Contents/Developer/Toolchains/XcodeDefault.xctoolchain/usr/lib/swift/iphonesimulator/prebuilt-modules/26.4/AudioToolbox.swiftmodule/arm64-apple-ios-simulator.swiftmodule /Applications/Xcode.app/Contents/Developer/Toolchains/XcodeDefault.xctoolchain/usr/lib/swift/iphonesimulator/prebuilt-modules/26.4/System.swiftmodule/arm64-apple-ios-simulator.swiftmodule /Applications/Xcode.app/Contents/Developer/Toolchains/XcodeDefault.xctoolchain/usr/lib/swift/iphonesimulator/prebuilt-modules/26.4/CoreAudio.swiftmodule/arm64-apple-ios-simulator.swiftmodule /Applications/Xcode.app/Contents/Developer/Toolchains/XcodeDefault.xctoolchain/usr/lib/swift/iphonesimulator/prebuilt-modules/26.4/Metal.swiftmodule/arm64-apple-ios-simulator.swiftmodule /Applications/Xcode.app/Contents/Developer/Toolchains/XcodeDefault.xctoolchain/usr/lib/swift/iphonesimulator/prebuilt-modules/26.4/XPC.swiftmodule/arm64-apple-ios-simulator.swiftmodule /Applications/Xcode.app/Contents/Developer/Toolchains/XcodeDefault.xctoolchain/usr/lib/swift/iphonesimulator/prebuilt-modules/26.4/CoreLocation.swiftmodule/arm64-apple-ios-simulator.swiftmodule /Applications/Xcode.app/Contents/Developer/Toolchains/XcodeDefault.xctoolchain/usr/lib/swift/iphonesimulator/prebuilt-modules/26.4/CoreVideo.swiftmodule/arm64-apple-ios-simulator.swiftmodule /Applications/Xcode.app/Contents/Developer/Toolchains/XcodeDefault.xctoolchain/usr/lib/swift/iphonesimulator/prebuilt-modules/26.4/CoreData.swiftmodule/arm64-apple-ios-simulator.swiftmodule /Applications/Xcode.app/Contents/Developer/Toolchains/XcodeDefault.xctoolchain/usr/lib/swift/iphonesimulator/prebuilt-modules/26.4/_DarwinFoundation3.swiftmodule/arm64-apple-ios-simulator.swiftmodule /Applications/Xcode.app/Contents/Developer/Toolchains/XcodeDefault.xctoolchain/usr/lib/swift/iphonesimulator/prebuilt-modules/26.4/Dispatch.swiftmodule/arm64-apple-ios-simulator.swiftmodule /Applications/Xcode.app/Contents/Developer/Toolchains/XcodeDefault.xctoolchain/usr/lib/swift/iphonesimulator/prebuilt-modules/26.4/_PhotosUI_SwiftUI.swiftmodule/arm64-apple-ios-simulator.swiftmodule /Applications/Xcode.app/Contents/Developer/Toolchains/XcodeDefault.xctoolchain/usr/lib/swift/iphonesimulator/prebuilt-modules/26.4/Synchronization.swiftmodule/arm64-apple-ios-simulator.swiftmodule /Applications/Xcode.app/Contents/Developer/Toolchains/XcodeDefault.xctoolchain/usr/lib/swift/iphonesimulator/prebuilt-modules/26.4/FileProvider.swiftmodule/arm64-apple-ios-simulator.swiftmodule /Applications/Xcode.app/Contents/Developer/Toolchains/XcodeDefault.xctoolchain/usr/lib/swift/iphonesimulator/prebuilt-modules/26.4/UIKit.swiftmodule/arm64-apple-ios-simulator.swiftmodule /Applications/Xcode.app/Contents/Developer/Toolchains/XcodeDefault.xctoolchain/usr/lib/swift/iphonesimulator/prebuilt-modules/26.4/QuartzCore.swiftmodule/arm64-apple-ios-simulator.swiftmodule /Applications/Xcode.app/Contents/Developer/Toolchains/XcodeDefault.xctoolchain/usr/lib/swift/iphonesimulator/prebuilt-modules/26.4/PhotosUI.swiftmodule/arm64-apple-ios-simulator.swiftmodule /Applications/Xcode.app/Contents/Developer/Toolchains/XcodeDefault.xctoolchain/usr/lib/swift/iphonesimulator/prebuilt-modules/26.4/CoreMedia.swiftmodule/arm64-apple-ios-simulator.swiftmodule /Applications/Xcode.app/Contents/Developer/Toolchains/XcodeDefault.xctoolchain/usr/lib/swift/iphonesimulator/prebuilt-modules/26.4/Distributed.swiftmodule/arm64-apple-ios-simulator.swiftmodule /tmp/talent-signal-ios-release.MxM955/ModuleCache.noindex/_AvailabilityInternal-43521MYQOK0VBVRC5X8JS0AHZ.pcm /tmp/talent-signal-ios-release.MxM955/ModuleCache.noindex/os_workgroup-CTY83FUSRLY74N9OYBLGW9YV7.pcm /tmp/talent-signal-ios-release.MxM955/ModuleCache.noindex/Spatial-EIN2DHOA44BQAQL7RO64TVMZ3.pcm /tmp/talent-signal-ios-release.MxM955/ModuleCache.noindex/CoreAudioTypes-F1CDLKMIMMT23H1DVN6ULQEN.pcm /tmp/talent-signal-ios-release.MxM955/ModuleCache.noindex/CoreMIDI-4SSN30SWW4VU3P05C8EIP7W14.pcm /tmp/talent-signal-ios-release.MxM955/ModuleCache.noindex/DeveloperToolsSupport-B7FSAEIGELZXYKCOSO9L93QX8.pcm /tmp/talent-signal-ios-release.MxM955/ModuleCache.noindex/os_object-CAYG2BC9R3P5PQGZJ65Q87PWF.pcm /tmp/talent-signal-ios-release.MxM955/ModuleCache.noindex/UniformTypeIdentifiers-5YW80DP1KCN6IBU98RSIAQGNC.pcm /tmp/talent-signal-ios-release.MxM955/ModuleCache.noindex/CoreVideo-8XXD0DP2YB0SEQPRN4QSW5D93.pcm /tmp/talent-signal-ios-release.MxM955/ModuleCache.noindex/CoreGraphics-4X7NJS61SLQSO6712UVZQYCAF.pcm /tmp/talent-signal-ios-release.MxM955/ModuleCache.noindex/AVFAudio-6P88H7RAFD0NRJ9F344AKH1PQ.pcm /tmp/talent-signal-ios-release.MxM955/ModuleCache.noindex/CoreLocation-3QM5JOZS2J1UST0UUV5VHOREE.pcm /tmp/talent-signal-ios-release.MxM955/ModuleCache.noindex/_Builtin_limits-16XIYUU9X7DT43OSQ1L0JRAKT.pcm /tmp/talent-signal-ios-release.MxM955/ModuleCache.noindex/OpenGLES-6W33YAVA0EOBPRHA4EV54R5R2.pcm /tmp/talent-signal-ios-release.MxM955/ModuleCache.noindex/_DarwinFoundation1-YYY3CQRHQFNBR9UMSJQ3JB8A.pcm /tmp/talent-signal-ios-release.MxM955/ModuleCache.noindex/_Builtin_stddef-EU8ILCXVK08JO80AZ2O1VD27E.pcm /tmp/talent-signal-ios-release.MxM955/ModuleCache.noindex/XPC-1K410ZTRAE6UBI8HJWY4O2H7R.pcm /tmp/talent-signal-ios-release.MxM955/ModuleCache.noindex/CoreFoundation-9CYER7DZKSAMWA68QOIK362JF.pcm /tmp/talent-signal-ios-release.MxM955/ModuleCache.noindex/CoreMedia-93FNZ37V3E37RUNQTC2WYVTRN.pcm /tmp/talent-signal-ios-release.MxM955/ModuleCache.noindex/_Builtin_stdarg-6MLT9LZ93K0CP8ZZ4R6XMCS6O.pcm /tmp/talent-signal-ios-release.MxM955/ModuleCache.noindex/DataDetection-YVAF87BX85VQC18ETOUTVRIJ.pcm /tmp/talent-signal-ios-release.MxM955/ModuleCache.noindex/_Builtin_inttypes-AFR2HAUMMFU5W5S35NK9MCY2F.pcm /tmp/talent-signal-ios-release.MxM955/ModuleCache.noindex/SwiftShims-4ZJV8RUYWQ9BOWLCZ6MS16X3M.pcm /tmp/talent-signal-ios-release.MxM955/ModuleCache.noindex/dnssd-7XBZ3XZZLLFRMHE8OW8757DFJ.pcm /tmp/talent-signal-ios-release.MxM955/ModuleCache.noindex/IOSurface-45555TN21QEW0PCDKUHFLNKLY.pcm /tmp/talent-signal-ios-release.MxM955/ModuleCache.noindex/Security-487PIVGEM1T43HB9AO09M2GL5.pcm /tmp/talent-signal-ios-release.MxM955/ModuleCache.noindex/_Builtin_stdbool-E5H0JJ04P02AS99COB8PR76EC.pcm /tmp/talent-signal-ios-release.MxM955/ModuleCache.noindex/SwiftUI-BVZEQBLVDRLSDJZ95NR4IGMYR.pcm /tmp/talent-signal-ios-release.MxM955/ModuleCache.noindex/CoreData-483MGS9XGQVMX5WX7S2OKPL3Z.pcm /tmp/talent-signal-ios-release.MxM955/ModuleCache.noindex/Accessibility-81UTN6XEVJCC7GNOA1W9YUDM1.pcm /tmp/talent-signal-ios-release.MxM955/ModuleCache.noindex/Photos-C5I9Z8US1Z09LVYX7EBSZLF2V.pcm /tmp/talent-signal-ios-release.MxM955/ModuleCache.noindex/ptrcheck-7Z73MXD6NJVTAHQ5PA12Q6J0R.pcm /tmp/talent-signal-ios-release.MxM955/ModuleCache.noindex/_SwiftConcurrencyShims-2HKFYL3SJNGP788JWQMO495AF.pcm /tmp/talent-signal-ios-release.MxM955/ModuleCache.noindex/Dispatch-8NCHKZ51SI2PKK7Y5HMFJBOLN.pcm /tmp/talent-signal-ios-release.MxM955/ModuleCache.noindex/OSLog-9E6NQQAAZYXYV3DPRZYMSFW9A.pcm /tmp/talent-signal-ios-release.MxM955/ModuleCache.noindex/ImageIO-4ZNSNX6IS12MWOKAY3ARMOHYI.pcm /tmp/talent-signal-ios-release.MxM955/ModuleCache.noindex/_DarwinFoundation3-2UWAYQBKH58PTBK000O6I0F1C.pcm /tmp/talent-signal-ios-release.MxM955/ModuleCache.noindex/AVFoundation-2VGIPFIVLKLY0V3219U7MZWFL.pcm /tmp/talent-signal-ios-release.MxM955/ModuleCache.noindex/sys_types-ES2W166VN859K29BAA433HG22.pcm /tmp/talent-signal-ios-release.MxM955/ModuleCache.noindex/_Builtin_stdint-C0NB6NZUWPHQ8PCMQUAIMHM7R.pcm /tmp/talent-signal-ios-release.MxM955/ModuleCache.noindex/CoreImage-BV498WRKNYWTIPACJV0O13BP6.pcm /tmp/talent-signal-ios-release.MxM955/ModuleCache.noindex/UIKit-EXK9NI2CNB5IO4NBHZFXAXZ2H.pcm /tmp/talent-signal-ios-release.MxM955/ModuleCache.noindex/_DarwinFoundation2-9XUHJHVMSUKJLK7DCFG57K0VC.pcm /tmp/talent-signal-ios-release.MxM955/ModuleCache.noindex/Symbols-C45R53D7QZS5SSTRK6PEOTEKI.pcm /tmp/talent-signal-ios-release.MxM955/ModuleCache.noindex/MediaToolbox-6ZG36162EVLZH1DUATDRX1CG5.pcm /tmp/talent-signal-ios-release.MxM955/ModuleCache.noindex/_Builtin_intrinsics-BKZ79J8RK2ZBHEB7V7ERWC7Q.pcm /tmp/talent-signal-ios-release.MxM955/ModuleCache.noindex/AVRouting-7QAKCDRJ1LWZU089X2775GDA3.pcm /tmp/talent-signal-ios-release.MxM955/ModuleCache.noindex/_Builtin_tgmath-5I0REBB7DRO3QQGJ0410ZTAO1.pcm /tmp/talent-signal-ios-release.MxM955/ModuleCache.noindex/AudioToolbox-CSXQKQRV3DUEH47WKMD281L4V.pcm /tmp/talent-signal-ios-release.MxM955/ModuleCache.noindex/CoreTransferable-2UFQ6NK5MORFCU7IBLS9Z9DX2.pcm /tmp/talent-signal-ios-release.MxM955/ModuleCache.noindex/UserNotifications-X72WIFCW7V4HM3BOJO5YWXUU.pcm /tmp/talent-signal-ios-release.MxM955/ModuleCache.noindex/CoreAudio-6LNMP50ROOTQQE5BK2X8AKNBJ.pcm /tmp/talent-signal-ios-release.MxM955/ModuleCache.noindex/_Builtin_stdatomic-73LMXCEOGDSP0G7PFNPS1ZWSQ.pcm /tmp/talent-signal-ios-release.MxM955/ModuleCache.noindex/CoreText-I3CSWOYG7AWXVHCGXN5R57Y4.pcm /tmp/talent-signal-ios-release.MxM955/ModuleCache.noindex/ExtensionFoundation-1U41QGGPPAS2L2EE5ZS5TUPV7.pcm /tmp/talent-signal-ios-release.MxM955/ModuleCache.noindex/SwiftUICore-AIS50WLGYTJPBLRHLBGT51BB5.pcm /tmp/talent-signal-ios-release.MxM955/ModuleCache.noindex/os-2L7F7G2QM8NETH2UODRKND3IV.pcm /tmp/talent-signal-ios-release.MxM955/ModuleCache.noindex/Foundation-12907LKIACCJFDHTM1E890ZDC.pcm /tmp/talent-signal-ios-release.MxM955/ModuleCache.noindex/ptrauth-CYWASREK809U0YAJS3400E2A4.pcm /tmp/talent-signal-ios-release.MxM955/ModuleCache.noindex/simd-6U5RRB4WSB81JIDHRLV47IE5S.pcm /tmp/talent-signal-ios-release.MxM955/ModuleCache.noindex/PhotosUI-96TE5N6DBPGD30WQUJ72QT6RE.pcm /tmp/talent-signal-ios-release.MxM955/ModuleCache.noindex/ObjectiveC-5NJQ0BLRKMWZXTER4MZEBX2TV.pcm /tmp/talent-signal-ios-release.MxM955/ModuleCache.noindex/QuartzCore-3NBZMDUMXS2RXL5L3K5NQH7ED.pcm /tmp/talent-signal-ios-release.MxM955/ModuleCache.noindex/CFNetwork-6VC95EZNRC557RMBMBQS0UT4V.pcm /tmp/talent-signal-ios-release.MxM955/ModuleCache.noindex/_LocationEssentials-CVYWE1N0Y8GI5AA6NZ1ZLXJBS.pcm /tmp/talent-signal-ios-release.MxM955/ModuleCache.noindex/Network-3TOMJCVC6D2PLZ4D8B4OCJFOY.pcm /tmp/talent-signal-ios-release.MxM955/ModuleCache.noindex/_Builtin_float-3WYWMZB78QQN0Q9KY6KZLNBZ0.pcm /tmp/talent-signal-ios-release.MxM955/ModuleCache.noindex/Darwin-7YLAW9XHBAQ4QDCMULE72OE6Z.pcm /tmp/talent-signal-ios-release.MxM955/ModuleCache.noindex/UIUtilities-CAIR9IPTTV8FWH4RZVLYR3EEF.pcm /tmp/talent-signal-ios-release.MxM955/ModuleCache.noindex/Metal-4H1218KBN0PEDIRJUX6CQHB1E.pcm /tmp/talent-signal-ios-release.MxM955/ModuleCache.noindex/MachO-6FOA6KCVEQVCB04QCBC5XQR7H.pcm /tmp/talent-signal-ios-release.MxM955/ModuleCache.noindex/FileProvider-7GJ84XOK7EYO28J3SGW6Q1M3R.pcm /tmp/talent-signal-ios-release.MxM955/Build/Intermediates.noindex/TalentSignal.build/Release-iphonesimulator/TalentSignal.build/Objects-normal/arm64/TalentSignal-dependencies-2.json (in target 'TalentSignal' from project 'TalentSignal')

CompileSwift normal arm64 (in target 'TalentSignal' from project 'TalentSignal')
    cd /Users/xiongxinwei/.codex/worktrees/7b14/talent-signal/apps/ios


SwiftCompile normal x86_64 Compiling\ CandidateSignal.swift,\ CandidateSignalComponents.swift,\ CandidateSignalStore.swift,\ CandidateSignalView.swift,\ FixtureSyncClient.swift,\ TalentSignalApp.swift,\ GeneratedAssetSymbols.swift /Users/xiongxinwei/.codex/worktrees/7b14/talent-signal/apps/ios/Sources/Domain/CandidateSignal.swift /Users/xiongxinwei/.codex/worktrees/7b14/talent-signal/apps/ios/Sources/Features/CandidateSignalComponents.swift /Users/xiongxinwei/.codex/worktrees/7b14/talent-signal/apps/ios/Sources/Features/CandidateSignalStore.swift /Users/xiongxinwei/.codex/worktrees/7b14/talent-signal/apps/ios/Sources/Features/CandidateSignalView.swift /Users/xiongxinwei/.codex/worktrees/7b14/talent-signal/apps/ios/Sources/Services/FixtureSyncClient.swift /Users/xiongxinwei/.codex/worktrees/7b14/talent-signal/apps/ios/Sources/App/TalentSignalApp.swift /tmp/talent-signal-ios-release.MxM955/Build/Intermediates.noindex/TalentSignal.build/Release-iphonesimulator/TalentSignal.build/DerivedSources/GeneratedAssetSymbols.swift /Applications/Xcode.app/Contents/Developer/Toolchains/XcodeDefault.xctoolchain/usr/lib/swift/iphonesimulator/prebuilt-modules/26.4/Foundation.swiftmodule/x86_64-apple-ios-simulator.swiftmodule /Applications/Xcode.app/Contents/Developer/Toolchains/XcodeDefault.xctoolchain/usr/lib/swift/iphonesimulator/prebuilt-modules/26.4/os.swiftmodule/x86_64-apple-ios-simulator.swiftmodule /Applications/Xcode.app/Contents/Developer/Toolchains/XcodeDefault.xctoolchain/usr/lib/swift/iphonesimulator/prebuilt-modules/26.4/XPC.swiftmodule/x86_64-apple-ios-simulator.swiftmodule /Applications/Xcode.app/Contents/Developer/Toolchains/XcodeDefault.xctoolchain/usr/lib/swift/iphonesimulator/prebuilt-modules/26.4/AVFAudio.swiftmodule/x86_64-apple-ios-simulator.swiftmodule /Applications/Xcode.app/Contents/Developer/Toolchains/XcodeDefault.xctoolchain/usr/lib/swift/iphonesimulator/prebuilt-modules/26.4/_PhotosUI_SwiftUI.swiftmodule/x86_64-apple-ios-simulator.swiftmodule /Applications/Xcode.app/Contents/Developer/Toolchains/XcodeDefault.xctoolchain/usr/lib/swift/iphonesimulator/prebuilt-modules/26.4/DataDetection.swiftmodule/x86_64-apple-ios-simulator.swiftmodule /Applications/Xcode.app/Contents/Developer/Toolchains/XcodeDefault.xctoolchain/usr/lib/swift/iphonesimulator/prebuilt-modules/26.4/CoreMIDI.swiftmodule/x86_64-apple-ios-simulator.swiftmodule /Applications/Xcode.app/Contents/Developer/Toolchains/XcodeDefault.xctoolchain/usr/lib/swift/iphonesimulator/prebuilt-modules/26.4/CoreText.swiftmodule/x86_64-apple-ios-simulator.swiftmodule /Applications/Xcode.app/Contents/Developer/Toolchains/XcodeDefault.xctoolchain/usr/lib/swift/iphonesimulator/prebuilt-modules/26.4/FileProvider.swiftmodule/x86_64-apple-ios-simulator.swiftmodule /Applications/Xcode.app/Contents/Developer/Toolchains/XcodeDefault.xctoolchain/usr/lib/swift/iphonesimulator/prebuilt-modules/26.4/AudioToolbox.swiftmodule/x86_64-apple-ios-simulator.swiftmodule /Applications/Xcode.app/Contents/Developer/Toolchains/XcodeDefault.xctoolchain/usr/lib/swift/iphonesimulator/prebuilt-modules/26.4/_DarwinFoundation3.swiftmodule/x86_64-apple-ios-simulator.swiftmodule /Applications/Xcode.app/Contents/Developer/Toolchains/XcodeDefault.xctoolchain/usr/lib/swift/iphonesimulator/prebuilt-modules/26.4/ObjectiveC.swiftmodule/x86_64-apple-ios-simulator.swiftmodule /Applications/Xcode.app/Contents/Developer/Toolchains/XcodeDefault.xctoolchain/usr/lib/swift/iphonesimulator/prebuilt-modules/26.4/CoreGraphics.swiftmodule/x86_64-apple-ios-simulator.swiftmodule /Applications/Xcode.app/Contents/Developer/Toolchains/XcodeDefault.xctoolchain/usr/lib/swift/iphonesimulator/prebuilt-modules/26.4/CoreData.swiftmodule/x86_64-apple-ios-simulator.swiftmodule /Applications/Xcode.app/Contents/Developer/Toolchains/XcodeDefault.xctoolchain/usr/lib/swift/iphonesimulator/prebuilt-modules/26.4/_DarwinFoundation1.swiftmodule/x86_64-apple-ios-simulator.swiftmodule /Applications/Xcode.app/Contents/Developer/Toolchains/XcodeDefault.xctoolchain/usr/lib/swift/iphonesimulator/prebuilt-modules/26.4/Network.swiftmodule/x86_64-apple-ios-simulator.swiftmodule /Applications/Xcode.app/Contents/Developer/Toolchains/XcodeDefault.xctoolchain/usr/lib/swift/iphonesimulator/prebuilt-modules/26.4/Synchronization.swiftmodule/x86_64-apple-ios-simulator.swiftmodule /Applications/Xcode.app/Contents/Developer/Toolchains/XcodeDefault.xctoolchain/usr/lib/swift/iphonesimulator/prebuilt-modules/26.4/Darwin.swiftmodule/x86_64-apple-ios-simulator.swiftmodule /Applications/Xcode.app/Contents/Developer/Toolchains/XcodeDefault.xctoolchain/usr/lib/swift/iphonesimulator/prebuilt-modules/26.4/System.swiftmodule/x86_64-apple-ios-simulator.swiftmodule /Applications/Xcode.app/Contents/Developer/Toolchains/XcodeDefault.xctoolchain/usr/lib/swift/iphonesimulator/prebuilt-modules/26.4/Observation.swiftmodule/x86_64-apple-ios-simulator.swiftmodule /Applications/Xcode.app/Contents/Developer/Toolchains/XcodeDefault.xctoolchain/usr/lib/swift/iphonesimulator/prebuilt-modules/26.4/CoreFoundation.swiftmodule/x86_64-apple-ios-simulator.swiftmodule /Applications/Xcode.app/Contents/Developer/Toolchains/XcodeDefault.xctoolchain/usr/lib/swift/iphonesimulator/prebuilt-modules/26.4/Metal.swiftmodule/x86_64-apple-ios-simulator.swiftmodule /Applications/Xcode.app/Contents/Developer/Toolchains/XcodeDefault.xctoolchain/usr/lib/swift/iphonesimulator/prebuilt-modules/26.4/PhotosUI.swiftmodule/x86_64-apple-ios-simulator.swiftmodule /Applications/Xcode.app/Contents/Developer/Toolchains/XcodeDefault.xctoolchain/usr/lib/swift/iphonesimulator/prebuilt-modules/26.4/_Concurrency.swiftmodule/x86_64-apple-ios-simulator.swiftmodule /Applications/Xcode.app/Contents/Developer/Toolchains/XcodeDefault.xctoolchain/usr/lib/swift/iphonesimulator/prebuilt-modules/26.4/Swift.swiftmodule/x86_64-apple-ios-simulator.swiftmodule /Applications/Xcode.app/Contents/Developer/Toolchains/XcodeDefault.xctoolchain/usr/lib/swift/iphonesimulator/prebuilt-modules/26.4/_DarwinFoundation2.swiftmodule/x86_64-apple-ios-simulator.swiftmodule /Applications/Xcode.app/Contents/Developer/Toolchains/XcodeDefault.xctoolchain/usr/lib/swift/iphonesimulator/prebuilt-modules/26.4/CoreMedia.swiftmodule/x86_64-apple-ios-simulator.swiftmodule /Applications/Xcode.app/Contents/Developer/Toolchains/XcodeDefault.xctoolchain/usr/lib/swift/iphonesimulator/prebuilt-modules/26.4/OSLog.swiftmodule/x86_64-apple-ios-simulator.swiftmodule /Applications/Xcode.app/Contents/Developer/Toolchains/XcodeDefault.xctoolchain/usr/lib/swift/iphonesimulator/prebuilt-modules/26.4/Accessibility.swiftmodule/x86_64-apple-ios-simulator.swiftmodule /Applications/Xcode.app/Contents/Developer/Toolchains/XcodeDefault.xctoolchain/usr/lib/swift/iphonesimulator/prebuilt-modules/26.4/Distributed.swiftmodule/x86_64-apple-ios-simulator.swiftmodule /Applications/Xcode.app/Contents/Developer/Toolchains/XcodeDefault.xctoolchain/usr/lib/swift/iphonesimulator/prebuilt-modules/26.4/Spatial.swiftmodule/x86_64-apple-ios-simulator.swiftmodule /Applications/Xcode.app/Contents/Developer/Toolchains/XcodeDefault.xctoolchain/usr/lib/swift/iphonesimulator/prebuilt-modules/26.4/QuartzCore.swiftmodule/x86_64-apple-ios-simulator.swiftmodule /Applications/Xcode.app/Contents/Developer/Toolchains/XcodeDefault.xctoolchain/usr/lib/swift/iphonesimulator/prebuilt-modules/26.4/Photos.swiftmodule/x86_64-apple-ios-simulator.swiftmodule /Applications/Xcode.app/Contents/Developer/Toolchains/XcodeDefault.xctoolchain/usr/lib/swift/iphonesimulator/prebuilt-modules/26.4/ExtensionFoundation.swiftmodule/x86_64-apple-ios-simulator.swiftmodule /Applications/Xcode.app/Contents/Developer/Toolchains/XcodeDefault.xctoolchain/usr/lib/swift/iphonesimulator/prebuilt-modules/26.4/CoreImage.swiftmodule/x86_64-apple-ios-simulator.swiftmodule /Applications/Xcode.app/Contents/Developer/Toolchains/XcodeDefault.xctoolchain/usr/lib/swift/iphonesimulator/prebuilt-modules/26.4/CoreAudio.swiftmodule/x86_64-apple-ios-simulator.swiftmodule /Applications/Xcode.app/Contents/Developer/Toolchains/XcodeDefault.xctoolchain/usr/lib/swift/iphonesimulator/prebuilt-modules/26.4/CoreVideo.swiftmodule/x86_64-apple-ios-simulator.swiftmodule /Applications/Xcode.app/Contents/Developer/Toolchains/XcodeDefault.xctoolchain/usr/lib/swift/iphonesimulator/prebuilt-modules/26.4/SwiftUI.swiftmodule/x86_64-apple-ios-simulator.swiftmodule /Applications/Xcode.app/Contents/Developer/Toolchains/XcodeDefault.xctoolchain/usr/lib/swift/iphonesimulator/prebuilt-modules/26.4/_Builtin_float.swiftmodule/x86_64-apple-ios-simulator.swiftmodule /Applications/Xcode.app/Contents/Developer/Toolchains/XcodeDefault.xctoolchain/usr/lib/swift/iphonesimulator/prebuilt-modules/26.4/CoreLocation.swiftmodule/x86_64-apple-ios-simulator.swiftmodule /Applications/Xcode.app/Contents/Developer/Toolchains/XcodeDefault.xctoolchain/usr/lib/swift/iphonesimulator/prebuilt-modules/26.4/SwiftUICore.swiftmodule/x86_64-apple-ios-simulator.swiftmodule /Applications/Xcode.app/Contents/Developer/Toolchains/XcodeDefault.xctoolchain/usr/lib/swift/iphonesimulator/prebuilt-modules/26.4/UIKit.swiftmodule/x86_64-apple-ios-simulator.swiftmodule /Applications/Xcode.app/Contents/Developer/Toolchains/XcodeDefault.xctoolchain/usr/lib/swift/iphonesimulator/prebuilt-modules/26.4/simd.swiftmodule/x86_64-apple-ios-simulator.swiftmodule /Applications/Xcode.app/Contents/Developer/Toolchains/XcodeDefault.xctoolchain/usr/lib/swift/iphonesimulator/prebuilt-modules/26.4/Symbols.swiftmodule/x86_64-apple-ios-simulator.swiftmodule /Applications/Xcode.app/Contents/Developer/Toolchains/XcodeDefault.xctoolchain/usr/lib/swift/iphonesimulator/prebuilt-modules/26.4/Dispatch.swiftmodule/x86_64-apple-ios-simulator.swiftmodule /Applications/Xcode.app/Contents/Developer/Toolchains/XcodeDefault.xctoolchain/usr/lib/swift/iphonesimulator/prebuilt-modules/26.4/UniformTypeIdentifiers.swiftmodule/x86_64-apple-ios-simulator.swiftmodule /Applications/Xcode.app/Contents/Developer/Toolchains/XcodeDefault.xctoolchain/usr/lib/swift/iphonesimulator/prebuilt-modules/26.4/DeveloperToolsSupport.swiftmodule/x86_64-apple-ios-simulator.swiftmodule /Applications/Xcode.app/Contents/Developer/Toolchains/XcodeDefault.xctoolchain/usr/lib/swift/iphonesimulator/prebuilt-modules/26.4/Combine.swiftmodule/x86_64-apple-ios-simulator.swiftmodule /Applications/Xcode.app/Contents/Developer/Toolchains/XcodeDefault.xctoolchain/usr/lib/swift/iphonesimulator/prebuilt-modules/26.4/AVFoundation.swiftmodule/x86_64-apple-ios-simulator.swiftmodule /Applications/Xcode.app/Contents/Developer/Toolchains/XcodeDefault.xctoolchain/usr/lib/swift/iphonesimulator/prebuilt-modules/26.4/_StringProcessing.swiftmodule/x86_64-apple-ios-simulator.swiftmodule /Applications/Xcode.app/Contents/Developer/Toolchains/XcodeDefault.xctoolchain/usr/lib/swift/iphonesimulator/prebuilt-modules/26.4/CoreTransferable.swiftmodule/x86_64-apple-ios-simulator.swiftmodule /tmp/talent-signal-ios-release.MxM955/ModuleCache.noindex/_Builtin_stddef-BCB43NM3R76G8U7N0IZI67W9Q.pcm /tmp/talent-signal-ios-release.MxM955/ModuleCache.noindex/Network-23ZZ1HK3GE25QT84NOP109P1V.pcm /tmp/talent-signal-ios-release.MxM955/ModuleCache.noindex/os_object-49LWABJQ9BG6Y9MKFW76DC79K.pcm /tmp/talent-signal-ios-release.MxM955/ModuleCache.noindex/CoreMIDI-DM11EU5719TUSW5610JWQUKAP.pcm /tmp/talent-signal-ios-release.MxM955/ModuleCache.noindex/_DarwinFoundation2-B39UTK5FDR3LF77JPBNTLF0Y.pcm /tmp/talent-signal-ios-release.MxM955/ModuleCache.noindex/_Builtin_stdatomic-4ECV2UZPEPY6DJ7M8T10P7TW8.pcm /tmp/talent-signal-ios-release.MxM955/ModuleCache.noindex/ptrauth-8O8TJ7A82DMGQZP9QGR1A9G8O.pcm /tmp/talent-signal-ios-release.MxM955/ModuleCache.noindex/CoreImage-55354DKBAP9QZGLO5D4CHC9ZJ.pcm /tmp/talent-signal-ios-release.MxM955/ModuleCache.noindex/AVFAudio-E4GBCYMZVRXJQUF8FRF0VKKO.pcm /tmp/talent-signal-ios-release.MxM955/ModuleCache.noindex/SwiftUICore-4E61VR5T3WP9ENC0Y5F4PJ2L0.pcm /tmp/talent-signal-ios-release.MxM955/ModuleCache.noindex/CoreText-99FKBHE7MRPD7TZ9TTG2SENK9.pcm /tmp/talent-signal-ios-release.MxM955/ModuleCache.noindex/UIUtilities-CASJFJPKF2JDKWP343O6QVGJT.pcm /tmp/talent-signal-ios-release.MxM955/ModuleCache.noindex/ImageIO-9MIZV1ZDZ78TFP6SJ08PG98M2.pcm /tmp/talent-signal-ios-release.MxM955/ModuleCache.noindex/Accessibility-4GWTKLQXJTLPGA55QYF3L8CB8.pcm /tmp/talent-signal-ios-release.MxM955/ModuleCache.noindex/os-C29PUN189DHJB0GC8VSYYMHEE.pcm /tmp/talent-signal-ios-release.MxM955/ModuleCache.noindex/CoreMedia-28UR74EHGWZAA0EX9MO8DKKPP.pcm /tmp/talent-signal-ios-release.MxM955/ModuleCache.noindex/CoreAudioTypes-ABCEL6ZNOL0XCQLN2WXP9MZ1W.pcm /tmp/talent-signal-ios-release.MxM955/ModuleCache.noindex/AVRouting-E50JRDG3GGX20KF1K3A9LL7BD.pcm /tmp/talent-signal-ios-release.MxM955/ModuleCache.noindex/_DarwinFoundation1-4R7566X1W9V2Z4H1J5G43ACR6.pcm /tmp/talent-signal-ios-release.MxM955/ModuleCache.noindex/CoreData-2RLSGNQTINW6MATMURG11450E.pcm /tmp/talent-signal-ios-release.MxM955/ModuleCache.noindex/CoreGraphics-4JNWAQ8HW65MI2OZSG3KEPXUH.pcm /tmp/talent-signal-ios-release.MxM955/ModuleCache.noindex/CoreFoundation-73B3PFRC33DXDY40RGK39A4X6.pcm /tmp/talent-signal-ios-release.MxM955/ModuleCache.noindex/Security-8M909FO84UXKIRCHY7AYHPAN5.pcm /tmp/talent-signal-ios-release.MxM955/ModuleCache.noindex/dnssd-C2B0EH95XWRF5ABVMLTPHTFUQ.pcm /tmp/talent-signal-ios-release.MxM955/ModuleCache.noindex/CFNetwork-I3DQFQG3J7VTBG0EA3BCF3QE.pcm /tmp/talent-signal-ios-release.MxM955/ModuleCache.noindex/_LocationEssentials-T4Z9FEEV8XDF9XLOQT3ZLD09.pcm /tmp/talent-signal-ios-release.MxM955/ModuleCache.noindex/ptrcheck-D8E0HWUV28T3BE7Z6IE7M19XZ.pcm /tmp/talent-signal-ios-release.MxM955/ModuleCache.noindex/CoreLocation-4QGW8XH6VHP9SQLDU0I9TBGYM.pcm /tmp/talent-signal-ios-release.MxM955/ModuleCache.noindex/SwiftShims-6TJ2T76VB05MG2VFZQ4Z8FEUE.pcm /tmp/talent-signal-ios-release.MxM955/ModuleCache.noindex/Dispatch-71ZDO1PZ56K5Y4E59ZMOZS6OV.pcm /tmp/talent-signal-ios-release.MxM955/ModuleCache.noindex/XPC-AESQ8BZU5A4ZRHVXZ74VDJDL5.pcm /tmp/talent-signal-ios-release.MxM955/ModuleCache.noindex/_DarwinFoundation3-EM089NRLGFQXN9K5MRGER1F2.pcm /tmp/talent-signal-ios-release.MxM955/ModuleCache.noindex/ObjectiveC-EVLOP452JG42OMJ00VML94I1N.pcm /tmp/talent-signal-ios-release.MxM955/ModuleCache.noindex/SwiftUI-73UK4JV4LYI8FMAKDQYTMQY2F.pcm /tmp/talent-signal-ios-release.MxM955/ModuleCache.noindex/Symbols-EC27MY5FHWJM4Y96Z5B0KKCBH.pcm /tmp/talent-signal-ios-release.MxM955/ModuleCache.noindex/UserNotifications-7SJR94VNDRQX04XB18U7J54H1.pcm /tmp/talent-signal-ios-release.MxM955/ModuleCache.noindex/ExtensionFoundation-VWMYPJKLNYJCKW70J60630E.pcm /tmp/talent-signal-ios-release.MxM955/ModuleCache.noindex/_Builtin_limits-531JENEFH6XH7UZ9SCEOFLHK1.pcm /tmp/talent-signal-ios-release.MxM955/ModuleCache.noindex/_Builtin_intrinsics-TSO0HV3ME7D27PH80COQYN1L.pcm /tmp/talent-signal-ios-release.MxM955/ModuleCache.noindex/CoreAudio-1QACHKEPU4YJOP9V6G5LW3DGR.pcm /tmp/talent-signal-ios-release.MxM955/ModuleCache.noindex/PhotosUI-8DV17MZUUQECTQJZEWA2SRV7D.pcm /tmp/talent-signal-ios-release.MxM955/ModuleCache.noindex/OpenGLES-3OUYBTTYB9Z0QPXCG0NFV8P5E.pcm /tmp/talent-signal-ios-release.MxM955/ModuleCache.noindex/Metal-2S1LHYKAJFKVR7VZA14HT1FYH.pcm /tmp/talent-signal-ios-release.MxM955/ModuleCache.noindex/CoreVideo-Q95R5Y7B5KXVSWWWJID9266I.pcm /tmp/talent-signal-ios-release.MxM955/ModuleCache.noindex/QuartzCore-CCLRO1S99X9BPY34JQ133T3FG.pcm /tmp/talent-signal-ios-release.MxM955/ModuleCache.noindex/MediaToolbox-AXDWYP92WGCOJU1WE2NG1TJTQ.pcm /tmp/talent-signal-ios-release.MxM955/ModuleCache.noindex/AVFoundation-4370P0T7LEJ8M8ZEG3QJRX3TH.pcm /tmp/talent-signal-ios-release.MxM955/ModuleCache.noindex/Darwin-CR1NIFRW2QCM2YTN0K4K27JUR.pcm /tmp/talent-signal-ios-release.MxM955/ModuleCache.noindex/UIKit-3RVZ2OBZIO83LGNUKPF3ADKTN.pcm /tmp/talent-signal-ios-release.MxM955/ModuleCache.noindex/_Builtin_tgmath-5ETZKXV24KLCSJOCIPQO5GUXJ.pcm /tmp/talent-signal-ios-release.MxM955/ModuleCache.noindex/_Builtin_float-7BQY2P3HR4PIEYJ9DACALP8M1.pcm /tmp/talent-signal-ios-release.MxM955/ModuleCache.noindex/UniformTypeIdentifiers-A5CV94U3BH3768H2WFNU22H66.pcm /tmp/talent-signal-ios-release.MxM955/ModuleCache.noindex/_Builtin_inttypes-69XUU1AZO5M0V04J60L9CPDQZ.pcm /tmp/talent-signal-ios-release.MxM955/ModuleCache.noindex/MachO-5GMJT8B2SY907NJVD2AWHA0LZ.pcm /tmp/talent-signal-ios-release.MxM955/ModuleCache.noindex/CoreTransferable-4D0SIJL3MO2ET5W8CA7301L8U.pcm /tmp/talent-signal-ios-release.MxM955/ModuleCache.noindex/Photos-4CAQ2VRKFY6EWJUR8OY36YHXD.pcm /tmp/talent-signal-ios-release.MxM955/ModuleCache.noindex/Foundation-44U6AOEB729NA4H7KSFQJ86PA.pcm /tmp/talent-signal-ios-release.MxM955/ModuleCache.noindex/os_workgroup-ACN0C4HAQHFKF9ZU2AZB580A0.pcm /tmp/talent-signal-ios-release.MxM955/ModuleCache.noindex/DataDetection-3Y8TGWOFVRNW2QRVE53M7M1G5.pcm /tmp/talent-signal-ios-release.MxM955/ModuleCache.noindex/_Builtin_stdint-1OYESCBU2A5ZHHUQ7EVDZGN4R.pcm /tmp/talent-signal-ios-release.MxM955/ModuleCache.noindex/IOSurface-54043HA33RG9SUI01CD4MDUI3.pcm /tmp/talent-signal-ios-release.MxM955/ModuleCache.noindex/sys_types-94BEW7SLGBKXH1CH1UY7LZFNT.pcm /tmp/talent-signal-ios-release.MxM955/ModuleCache.noindex/Spatial-98WMYCF0TMO3SSGYPEBLK8BBX.pcm /tmp/talent-signal-ios-release.MxM955/ModuleCache.noindex/_Builtin_stdarg-7BKQB4Y1N86UAVWLLMXSMQF4T.pcm /tmp/talent-signal-ios-release.MxM955/ModuleCache.noindex/_Builtin_stdbool-9NBHH5CMZJ2RX0Z34YNTG3UCN.pcm /tmp/talent-signal-ios-release.MxM955/ModuleCache.noindex/DeveloperToolsSupport-7ESYFV1GG2W7Q8VOGJJ02SILN.pcm /tmp/talent-signal-ios-release.MxM955/ModuleCache.noindex/FileProvider-51UD3GOHEL50P86Z03HV77HEA.pcm /tmp/talent-signal-ios-release.MxM955/ModuleCache.noindex/_AvailabilityInternal-E4R1KC6WAJMBBRKUE39EKQR7C.pcm /tmp/talent-signal-ios-release.MxM955/ModuleCache.noindex/AudioToolbox-7VFJ5M0LT5G88N3EY4CCADGU9.pcm /tmp/talent-signal-ios-release.MxM955/ModuleCache.noindex/OSLog-2U6XL05QLI2G0C7NAXV5OLRHW.pcm /tmp/talent-signal-ios-release.MxM955/ModuleCache.noindex/simd-7JQD4W0XKXSTT7NJGQUHVJ9IA.pcm /tmp/talent-signal-ios-release.MxM955/ModuleCache.noindex/_SwiftConcurrencyShims-7AFUFF1VKMW6TWPCJRHCZF340.pcm /tmp/talent-signal-ios-release.MxM955/Build/Intermediates.noindex/TalentSignal.build/Release-iphonesimulator/TalentSignal.build/Objects-normal/x86_64/TalentSignal-dependencies-1.json (in target 'TalentSignal' from project 'TalentSignal')
CompileSwift normal x86_64 (in target 'TalentSignal' from project 'TalentSignal')
    cd /Users/xiongxinwei/.codex/worktrees/7b14/talent-signal/apps/ios


SwiftDriverJobDiscovery normal arm64 Compiling CandidateSignal.swift, CandidateSignalComponents.swift, CandidateSignalStore.swift, CandidateSignalView.swift, FixtureSyncClient.swift, TalentSignalApp.swift, GeneratedAssetSymbols.swift (in target 'TalentSignal' from project 'TalentSignal')

SwiftDriver\ Compilation\ Requirements TalentSignal normal arm64 com.apple.xcode.tools.swift.compiler (in target 'TalentSignal' from project 'TalentSignal')
    cd /Users/xiongxinwei/.codex/worktrees/7b14/talent-signal/apps/ios
    builtin-Swift-Compilation-Requirements -- /Applications/Xcode.app/Contents/Developer/Toolchains/XcodeDefault.xctoolchain/usr/bin/swiftc -module-name TalentSignal -O -whole-module-optimization @/tmp/talent-signal-ios-release.MxM955/Build/Intermediates.noindex/TalentSignal.build/Release-iphonesimulator/TalentSignal.build/Objects-normal/arm64/TalentSignal.SwiftFileList -enable-bare-slash-regex -enable-experimental-feature DebugDescriptionMacro -sdk /Applications/Xcode.app/Contents/Developer/Platforms/iPhoneSimulator.platform/Developer/SDKs/iPhoneSimulator26.4.sdk -target arm64-apple-ios16.0-simulator -g -module-cache-path /tmp/talent-signal-ios-release.MxM955/ModuleCache.noindex -Xfrontend -serialize-debugging-options -profile-coverage-mapping -profile-generate -swift-version 5 -I /tmp/talent-signal-ios-release.MxM955/Build/Products/Release-iphonesimulator -F /tmp/talent-signal-ios-release.MxM955/Build/Products/Release-iphonesimulator -c -num-threads 8 -Xcc -ivfsstatcache -Xcc /tmp/talent-signal-ios-release.MxM955/SDKStatCaches.noindex/iphonesimulator26.4-23E237-686eebb5dc1d8ecb277353a59184f4aa.sdkstatcache -output-file-map /tmp/talent-signal-ios-release.MxM955/Build/Intermediates.noindex/TalentSignal.build/Release-iphonesimulator/TalentSignal.build/Objects-normal/arm64/TalentSignal-OutputFileMap.json -use-frontend-parseable-output -save-temps -no-color-diagnostics -explicit-module-build -module-cache-path /tmp/talent-signal-ios-release.MxM955/Build/Intermediates.noindex/SwiftExplicitPrecompiledModules -clang-scanner-module-cache-path /tmp/talent-signal-ios-release.MxM955/ModuleCache.noindex -sdk-module-cache-path /tmp/talent-signal-ios-release.MxM955/ModuleCache.noindex -serialize-diagnostics -emit-dependencies -emit-module -emit-module-path /tmp/talent-signal-ios-release.MxM955/Build/Intermediates.noindex/TalentSignal.build/Release-iphonesimulator/TalentSignal.build/Objects-normal/arm64/TalentSignal.swiftmodule -validate-clang-modules-once -clang-build-session-file /tmp/talent-signal-ios-release.MxM955/ModuleCache.noindex/Session.modulevalidation -Xcc -I/tmp/talent-signal-ios-release.MxM955/Build/Intermediates.noindex/TalentSignal.build/Release-iphonesimulator/TalentSignal.build/swift-overrides.hmap -emit-const-values -Xfrontend -const-gather-protocols-file -Xfrontend /tmp/talent-signal-ios-release.MxM955/Build/Intermediates.noindex/TalentSignal.build/Release-iphonesimulator/TalentSignal.build/Objects-normal/arm64/TalentSignal_const_extract_protocols.json -Xcc -iquote -Xcc /tmp/talent-signal-ios-release.MxM955/Build/Intermediates.noindex/TalentSignal.build/Release-iphonesimulator/TalentSignal.build/TalentSignal-generated-files.hmap -Xcc -I/tmp/talent-signal-ios-release.MxM955/Build/Intermediates.noindex/TalentSignal.build/Release-iphonesimulator/TalentSignal.build/TalentSignal-own-target-headers.hmap -Xcc -I/tmp/talent-signal-ios-release.MxM955/Build/Intermediates.noindex/TalentSignal.build/Release-iphonesimulator/TalentSignal.build/TalentSignal-all-target-headers.hmap -Xcc -iquote -Xcc /tmp/talent-signal-ios-release.MxM955/Build/Intermediates.noindex/TalentSignal.build/Release-iphonesimulator/TalentSignal.build/TalentSignal-project-headers.hmap -Xcc -I/tmp/talent-signal-ios-release.MxM955/Build/Products/Release-iphonesimulator/include -Xcc -I/tmp/talent-signal-ios-release.MxM955/Build/Intermediates.noindex/TalentSignal.build/Release-iphonesimulator/TalentSignal.build/DerivedSources-normal/arm64 -Xcc -I/tmp/talent-signal-ios-release.MxM955/Build/Intermediates.noindex/TalentSignal.build/Release-iphonesimulator/TalentSignal.build/DerivedSources/arm64 -Xcc -I/tmp/talent-signal-ios-release.MxM955/Build/Intermediates.noindex/TalentSignal.build/Release-iphonesimulator/TalentSignal.build/DerivedSources -emit-objc-header -emit-objc-header-path /tmp/talent-signal-ios-release.MxM955/Build/Intermediates.noindex/TalentSignal.build/Release-iphonesimulator/TalentSignal.build/Objects-normal/arm64/TalentSignal-Swift.h -working-directory /Users/xiongxinwei/.codex/worktrees/7b14/talent-signal/apps/ios -no-emit-module-separately-wmo

Copy /tmp/talent-signal-ios-release.MxM955/Build/Products/Release-iphonesimulator/TalentSignal.swiftmodule/arm64-apple-ios-simulator.swiftmodule /tmp/talent-signal-ios-release.MxM955/Build/Intermediates.noindex/TalentSignal.build/Release-iphonesimulator/TalentSignal.build/Objects-normal/arm64/TalentSignal.swiftmodule (in target 'TalentSignal' from project 'TalentSignal')
    cd /Users/xiongxinwei/.codex/worktrees/7b14/talent-signal/apps/ios
    builtin-copy -exclude .DS_Store -exclude CVS -exclude .svn -exclude .git -exclude .hg -resolve-src-symlinks -rename /tmp/talent-signal-ios-release.MxM955/Build/Intermediates.noindex/TalentSignal.build/Release-iphonesimulator/TalentSignal.build/Objects-normal/arm64/TalentSignal.swiftmodule /tmp/talent-signal-ios-release.MxM955/Build/Products/Release-iphonesimulator/TalentSignal.swiftmodule/arm64-apple-ios-simulator.swiftmodule

Copy /tmp/talent-signal-ios-release.MxM955/Build/Products/Release-iphonesimulator/TalentSignal.swiftmodule/arm64-apple-ios-simulator.swiftdoc /tmp/talent-signal-ios-release.MxM955/Build/Intermediates.noindex/TalentSignal.build/Release-iphonesimulator/TalentSignal.build/Objects-normal/arm64/TalentSignal.swiftdoc (in target 'TalentSignal' from project 'TalentSignal')
    cd /Users/xiongxinwei/.codex/worktrees/7b14/talent-signal/apps/ios
    builtin-copy -exclude .DS_Store -exclude CVS -exclude .svn -exclude .git -exclude .hg -resolve-src-symlinks -rename /tmp/talent-signal-ios-release.MxM955/Build/Intermediates.noindex/TalentSignal.build/Release-iphonesimulator/TalentSignal.build/Objects-normal/arm64/TalentSignal.swiftdoc /tmp/talent-signal-ios-release.MxM955/Build/Products/Release-iphonesimulator/TalentSignal.swiftmodule/arm64-apple-ios-simulator.swiftdoc

Copy /tmp/talent-signal-ios-release.MxM955/Build/Products/Release-iphonesimulator/TalentSignal.swiftmodule/arm64-apple-ios-simulator.abi.json /tmp/talent-signal-ios-release.MxM955/Build/Intermediates.noindex/TalentSignal.build/Release-iphonesimulator/TalentSignal.build/Objects-normal/arm64/TalentSignal.abi.json (in target 'TalentSignal' from project 'TalentSignal')
    cd /Users/xiongxinwei/.codex/worktrees/7b14/talent-signal/apps/ios
    builtin-copy -exclude .DS_Store -exclude CVS -exclude .svn -exclude .git -exclude .hg -resolve-src-symlinks -rename /tmp/talent-signal-ios-release.MxM955/Build/Intermediates.noindex/TalentSignal.build/Release-iphonesimulator/TalentSignal.build/Objects-normal/arm64/TalentSignal.abi.json /tmp/talent-signal-ios-release.MxM955/Build/Products/Release-iphonesimulator/TalentSignal.swiftmodule/arm64-apple-ios-simulator.abi.json

Copy /tmp/talent-signal-ios-release.MxM955/Build/Products/Release-iphonesimulator/TalentSignal.swiftmodule/Project/arm64-apple-ios-simulator.swiftsourceinfo /tmp/talent-signal-ios-release.MxM955/Build/Intermediates.noindex/TalentSignal.build/Release-iphonesimulator/TalentSignal.build/Objects-normal/arm64/TalentSignal.swiftsourceinfo (in target 'TalentSignal' from project 'TalentSignal')
    cd /Users/xiongxinwei/.codex/worktrees/7b14/talent-signal/apps/ios
    builtin-copy -exclude .DS_Store -exclude CVS -exclude .svn -exclude .git -exclude .hg -resolve-src-symlinks -rename /tmp/talent-signal-ios-release.MxM955/Build/Intermediates.noindex/TalentSignal.build/Release-iphonesimulator/TalentSignal.build/Objects-normal/arm64/TalentSignal.swiftsourceinfo /tmp/talent-signal-ios-release.MxM955/Build/Products/Release-iphonesimulator/TalentSignal.swiftmodule/Project/arm64-apple-ios-simulator.swiftsourceinfo

SwiftDriverJobDiscovery normal x86_64 Compiling CandidateSignal.swift, CandidateSignalComponents.swift, CandidateSignalStore.swift, CandidateSignalView.swift, FixtureSyncClient.swift, TalentSignalApp.swift, GeneratedAssetSymbols.swift (in target 'TalentSignal' from project 'TalentSignal')

SwiftDriver\ Compilation\ Requirements TalentSignal normal x86_64 com.apple.xcode.tools.swift.compiler (in target 'TalentSignal' from project 'TalentSignal')
    cd /Users/xiongxinwei/.codex/worktrees/7b14/talent-signal/apps/ios
    builtin-Swift-Compilation-Requirements -- /Applications/Xcode.app/Contents/Developer/Toolchains/XcodeDefault.xctoolchain/usr/bin/swiftc -module-name TalentSignal -O -whole-module-optimization @/tmp/talent-signal-ios-release.MxM955/Build/Intermediates.noindex/TalentSignal.build/Release-iphonesimulator/TalentSignal.build/Objects-normal/x86_64/TalentSignal.SwiftFileList -enable-bare-slash-regex -enable-experimental-feature DebugDescriptionMacro -sdk /Applications/Xcode.app/Contents/Developer/Platforms/iPhoneSimulator.platform/Developer/SDKs/iPhoneSimulator26.4.sdk -target x86_64-apple-ios16.0-simulator -g -module-cache-path /tmp/talent-signal-ios-release.MxM955/ModuleCache.noindex -Xfrontend -serialize-debugging-options -profile-coverage-mapping -profile-generate -swift-version 5 -I /tmp/talent-signal-ios-release.MxM955/Build/Products/Release-iphonesimulator -F /tmp/talent-signal-ios-release.MxM955/Build/Products/Release-iphonesimulator -c -num-threads 8 -Xcc -ivfsstatcache -Xcc /tmp/talent-signal-ios-release.MxM955/SDKStatCaches.noindex/iphonesimulator26.4-23E237-686eebb5dc1d8ecb277353a59184f4aa.sdkstatcache -output-file-map /tmp/talent-signal-ios-release.MxM955/Build/Intermediates.noindex/TalentSignal.build/Release-iphonesimulator/TalentSignal.build/Objects-normal/x86_64/TalentSignal-OutputFileMap.json -use-frontend-parseable-output -save-temps -no-color-diagnostics -explicit-module-build -module-cache-path /tmp/talent-signal-ios-release.MxM955/Build/Intermediates.noindex/SwiftExplicitPrecompiledModules -clang-scanner-module-cache-path /tmp/talent-signal-ios-release.MxM955/ModuleCache.noindex -sdk-module-cache-path /tmp/talent-signal-ios-release.MxM955/ModuleCache.noindex -serialize-diagnostics -emit-dependencies -emit-module -emit-module-path /tmp/talent-signal-ios-release.MxM955/Build/Intermediates.noindex/TalentSignal.build/Release-iphonesimulator/TalentSignal.build/Objects-normal/x86_64/TalentSignal.swiftmodule -validate-clang-modules-once -clang-build-session-file /tmp/talent-signal-ios-release.MxM955/ModuleCache.noindex/Session.modulevalidation -Xcc -I/tmp/talent-signal-ios-release.MxM955/Build/Intermediates.noindex/TalentSignal.build/Release-iphonesimulator/TalentSignal.build/swift-overrides.hmap -emit-const-values -Xfrontend -const-gather-protocols-file -Xfrontend /tmp/talent-signal-ios-release.MxM955/Build/Intermediates.noindex/TalentSignal.build/Release-iphonesimulator/TalentSignal.build/Objects-normal/x86_64/TalentSignal_const_extract_protocols.json -Xcc -iquote -Xcc /tmp/talent-signal-ios-release.MxM955/Build/Intermediates.noindex/TalentSignal.build/Release-iphonesimulator/TalentSignal.build/TalentSignal-generated-files.hmap -Xcc -I/tmp/talent-signal-ios-release.MxM955/Build/Intermediates.noindex/TalentSignal.build/Release-iphonesimulator/TalentSignal.build/TalentSignal-own-target-headers.hmap -Xcc -I/tmp/talent-signal-ios-release.MxM955/Build/Intermediates.noindex/TalentSignal.build/Release-iphonesimulator/TalentSignal.build/TalentSignal-all-target-headers.hmap -Xcc -iquote -Xcc /tmp/talent-signal-ios-release.MxM955/Build/Intermediates.noindex/TalentSignal.build/Release-iphonesimulator/TalentSignal.build/TalentSignal-project-headers.hmap -Xcc -I/tmp/talent-signal-ios-release.MxM955/Build/Products/Release-iphonesimulator/include -Xcc -I/tmp/talent-signal-ios-release.MxM955/Build/Intermediates.noindex/TalentSignal.build/Release-iphonesimulator/TalentSignal.build/DerivedSources-normal/x86_64 -Xcc -I/tmp/talent-signal-ios-release.MxM955/Build/Intermediates.noindex/TalentSignal.build/Release-iphonesimulator/TalentSignal.build/DerivedSources/x86_64 -Xcc -I/tmp/talent-signal-ios-release.MxM955/Build/Intermediates.noindex/TalentSignal.build/Release-iphonesimulator/TalentSignal.build/DerivedSources -emit-objc-header -emit-objc-header-path /tmp/talent-signal-ios-release.MxM955/Build/Intermediates.noindex/TalentSignal.build/Release-iphonesimulator/TalentSignal.build/Objects-normal/x86_64/TalentSignal-Swift.h -working-directory /Users/xiongxinwei/.codex/worktrees/7b14/talent-signal/apps/ios -no-emit-module-separately-wmo

SwiftMergeGeneratedHeaders /tmp/talent-signal-ios-release.MxM955/Build/Intermediates.noindex/TalentSignal.build/Release-iphonesimulator/TalentSignal.build/DerivedSources/TalentSignal-Swift.h /tmp/talent-signal-ios-release.MxM955/Build/Intermediates.noindex/TalentSignal.build/Release-iphonesimulator/TalentSignal.build/Objects-normal/arm64/TalentSignal-Swift.h /tmp/talent-signal-ios-release.MxM955/Build/Intermediates.noindex/TalentSignal.build/Release-iphonesimulator/TalentSignal.build/Objects-normal/x86_64/TalentSignal-Swift.h (in target 'TalentSignal' from project 'TalentSignal')
    cd /Users/xiongxinwei/.codex/worktrees/7b14/talent-signal/apps/ios
    builtin-swiftHeaderTool -arch arm64 /tmp/talent-signal-ios-release.MxM955/Build/Intermediates.noindex/TalentSignal.build/Release-iphonesimulator/TalentSignal.build/Objects-normal/arm64/TalentSignal-Swift.h -arch x86_64 /tmp/talent-signal-ios-release.MxM955/Build/Intermediates.noindex/TalentSignal.build/Release-iphonesimulator/TalentSignal.build/Objects-normal/x86_64/TalentSignal-Swift.h -o /tmp/talent-signal-ios-release.MxM955/Build/Intermediates.noindex/TalentSignal.build/Release-iphonesimulator/TalentSignal.build/DerivedSources/TalentSignal-Swift.h

Copy /tmp/talent-signal-ios-release.MxM955/Build/Products/Release-iphonesimulator/TalentSignal.swiftmodule/x86_64-apple-ios-simulator.swiftmodule /tmp/talent-signal-ios-release.MxM955/Build/Intermediates.noindex/TalentSignal.build/Release-iphonesimulator/TalentSignal.build/Objects-normal/x86_64/TalentSignal.swiftmodule (in target 'TalentSignal' from project 'TalentSignal')
    cd /Users/xiongxinwei/.codex/worktrees/7b14/talent-signal/apps/ios
    builtin-copy -exclude .DS_Store -exclude CVS -exclude .svn -exclude .git -exclude .hg -resolve-src-symlinks -rename /tmp/talent-signal-ios-release.MxM955/Build/Intermediates.noindex/TalentSignal.build/Release-iphonesimulator/TalentSignal.build/Objects-normal/x86_64/TalentSignal.swiftmodule /tmp/talent-signal-ios-release.MxM955/Build/Products/Release-iphonesimulator/TalentSignal.swiftmodule/x86_64-apple-ios-simulator.swiftmodule

Copy /tmp/talent-signal-ios-release.MxM955/Build/Products/Release-iphonesimulator/TalentSignal.swiftmodule/x86_64-apple-ios-simulator.swiftdoc /tmp/talent-signal-ios-release.MxM955/Build/Intermediates.noindex/TalentSignal.build/Release-iphonesimulator/TalentSignal.build/Objects-normal/x86_64/TalentSignal.swiftdoc (in target 'TalentSignal' from project 'TalentSignal')
    cd /Users/xiongxinwei/.codex/worktrees/7b14/talent-signal/apps/ios
    builtin-copy -exclude .DS_Store -exclude CVS -exclude .svn -exclude .git -exclude .hg -resolve-src-symlinks -rename /tmp/talent-signal-ios-release.MxM955/Build/Intermediates.noindex/TalentSignal.build/Release-iphonesimulator/TalentSignal.build/Objects-normal/x86_64/TalentSignal.swiftdoc /tmp/talent-signal-ios-release.MxM955/Build/Products/Release-iphonesimulator/TalentSignal.swiftmodule/x86_64-apple-ios-simulator.swiftdoc

Copy /tmp/talent-signal-ios-release.MxM955/Build/Products/Release-iphonesimulator/TalentSignal.swiftmodule/x86_64-apple-ios-simulator.abi.json /tmp/talent-signal-ios-release.MxM955/Build/Intermediates.noindex/TalentSignal.build/Release-iphonesimulator/TalentSignal.build/Objects-normal/x86_64/TalentSignal.abi.json (in target 'TalentSignal' from project 'TalentSignal')
    cd /Users/xiongxinwei/.codex/worktrees/7b14/talent-signal/apps/ios
    builtin-copy -exclude .DS_Store -exclude CVS -exclude .svn -exclude .git -exclude .hg -resolve-src-symlinks -rename /tmp/talent-signal-ios-release.MxM955/Build/Intermediates.noindex/TalentSignal.build/Release-iphonesimulator/TalentSignal.build/Objects-normal/x86_64/TalentSignal.abi.json /tmp/talent-signal-ios-release.MxM955/Build/Products/Release-iphonesimulator/TalentSignal.swiftmodule/x86_64-apple-ios-simulator.abi.json

Copy /tmp/talent-signal-ios-release.MxM955/Build/Products/Release-iphonesimulator/TalentSignal.swiftmodule/Project/x86_64-apple-ios-simulator.swiftsourceinfo /tmp/talent-signal-ios-release.MxM955/Build/Intermediates.noindex/TalentSignal.build/Release-iphonesimulator/TalentSignal.build/Objects-normal/x86_64/TalentSignal.swiftsourceinfo (in target 'TalentSignal' from project 'TalentSignal')
    cd /Users/xiongxinwei/.codex/worktrees/7b14/talent-signal/apps/ios
    builtin-copy -exclude .DS_Store -exclude CVS -exclude .svn -exclude .git -exclude .hg -resolve-src-symlinks -rename /tmp/talent-signal-ios-release.MxM955/Build/Intermediates.noindex/TalentSignal.build/Release-iphonesimulator/TalentSignal.build/Objects-normal/x86_64/TalentSignal.swiftsourceinfo /tmp/talent-signal-ios-release.MxM955/Build/Products/Release-iphonesimulator/TalentSignal.swiftmodule/Project/x86_64-apple-ios-simulator.swiftsourceinfo

Ld /tmp/talent-signal-ios-release.MxM955/Build/Intermediates.noindex/TalentSignal.build/Release-iphonesimulator/TalentSignal.build/Objects-normal/arm64/Binary/TalentSignal normal arm64 (in target 'TalentSignal' from project 'TalentSignal')
    cd /Users/xiongxinwei/.codex/worktrees/7b14/talent-signal/apps/ios
    /Applications/Xcode.app/Contents/Developer/Toolchains/XcodeDefault.xctoolchain/usr/bin/clang -Xlinker -reproducible -target arm64-apple-ios16.0-simulator -isysroot /Applications/Xcode.app/Contents/Developer/Platforms/iPhoneSimulator.platform/Developer/SDKs/iPhoneSimulator26.4.sdk -Os -L/tmp/talent-signal-ios-release.MxM955/Build/Intermediates.noindex/EagerLinkingTBDs/Release-iphonesimulator -L/tmp/talent-signal-ios-release.MxM955/Build/Products/Release-iphonesimulator -F/tmp/talent-signal-ios-release.MxM955/Build/Intermediates.noindex/EagerLinkingTBDs/Release-iphonesimulator -F/tmp/talent-signal-ios-release.MxM955/Build/Products/Release-iphonesimulator -filelist /tmp/talent-signal-ios-release.MxM955/Build/Intermediates.noindex/TalentSignal.build/Release-iphonesimulator/TalentSignal.build/Objects-normal/arm64/TalentSignal.LinkFileList -Xlinker -rpath -Xlinker /usr/lib/swift -Xlinker -rpath -Xlinker @executable_path/Frameworks -Xlinker -dead_strip -Xlinker -object_path_lto -Xlinker /tmp/talent-signal-ios-release.MxM955/Build/Intermediates.noindex/TalentSignal.build/Release-iphonesimulator/TalentSignal.build/Objects-normal/arm64/TalentSignal_lto.o -Xlinker -objc_abi_version -Xlinker 2 -Xlinker -debug_variant -Xlinker -dependency_info -Xlinker /tmp/talent-signal-ios-release.MxM955/Build/Intermediates.noindex/TalentSignal.build/Release-iphonesimulator/TalentSignal.build/Objects-normal/arm64/TalentSignal_dependency_info.dat -fobjc-link-runtime -fprofile-instr-generate -L/Applications/Xcode.app/Contents/Developer/Toolchains/XcodeDefault.xctoolchain/usr/lib/swift/iphonesimulator -L/usr/lib/swift -Xlinker -add_ast_path -Xlinker /tmp/talent-signal-ios-release.MxM955/Build/Intermediates.noindex/TalentSignal.build/Release-iphonesimulator/TalentSignal.build/Objects-normal/arm64/TalentSignal.swiftmodule @/tmp/talent-signal-ios-release.MxM955/Build/Intermediates.noindex/TalentSignal.build/Release-iphonesimulator/TalentSignal.build/Objects-normal/arm64/TalentSignal-linker-args.resp -o /tmp/talent-signal-ios-release.MxM955/Build/Intermediates.noindex/TalentSignal.build/Release-iphonesimulator/TalentSignal.build/Objects-normal/arm64/Binary/TalentSignal

Ld /tmp/talent-signal-ios-release.MxM955/Build/Intermediates.noindex/TalentSignal.build/Release-iphonesimulator/TalentSignal.build/Objects-normal/x86_64/Binary/TalentSignal normal x86_64 (in target 'TalentSignal' from project 'TalentSignal')
    cd /Users/xiongxinwei/.codex/worktrees/7b14/talent-signal/apps/ios
    /Applications/Xcode.app/Contents/Developer/Toolchains/XcodeDefault.xctoolchain/usr/bin/clang -Xlinker -reproducible -target x86_64-apple-ios16.0-simulator -isysroot /Applications/Xcode.app/Contents/Developer/Platforms/iPhoneSimulator.platform/Developer/SDKs/iPhoneSimulator26.4.sdk -Os -L/tmp/talent-signal-ios-release.MxM955/Build/Intermediates.noindex/EagerLinkingTBDs/Release-iphonesimulator -L/tmp/talent-signal-ios-release.MxM955/Build/Products/Release-iphonesimulator -F/tmp/talent-signal-ios-release.MxM955/Build/Intermediates.noindex/EagerLinkingTBDs/Release-iphonesimulator -F/tmp/talent-signal-ios-release.MxM955/Build/Products/Release-iphonesimulator -filelist /tmp/talent-signal-ios-release.MxM955/Build/Intermediates.noindex/TalentSignal.build/Release-iphonesimulator/TalentSignal.build/Objects-normal/x86_64/TalentSignal.LinkFileList -Xlinker -rpath -Xlinker /usr/lib/swift -Xlinker -rpath -Xlinker @executable_path/Frameworks -Xlinker -dead_strip -Xlinker -object_path_lto -Xlinker /tmp/talent-signal-ios-release.MxM955/Build/Intermediates.noindex/TalentSignal.build/Release-iphonesimulator/TalentSignal.build/Objects-normal/x86_64/TalentSignal_lto.o -Xlinker -objc_abi_version -Xlinker 2 -Xlinker -debug_variant -Xlinker -dependency_info -Xlinker /tmp/talent-signal-ios-release.MxM955/Build/Intermediates.noindex/TalentSignal.build/Release-iphonesimulator/TalentSignal.build/Objects-normal/x86_64/TalentSignal_dependency_info.dat -fobjc-link-runtime -fprofile-instr-generate -L/Applications/Xcode.app/Contents/Developer/Toolchains/XcodeDefault.xctoolchain/usr/lib/swift/iphonesimulator -L/usr/lib/swift -Xlinker -add_ast_path -Xlinker /tmp/talent-signal-ios-release.MxM955/Build/Intermediates.noindex/TalentSignal.build/Release-iphonesimulator/TalentSignal.build/Objects-normal/x86_64/TalentSignal.swiftmodule @/tmp/talent-signal-ios-release.MxM955/Build/Intermediates.noindex/TalentSignal.build/Release-iphonesimulator/TalentSignal.build/Objects-normal/x86_64/TalentSignal-linker-args.resp -o /tmp/talent-signal-ios-release.MxM955/Build/Intermediates.noindex/TalentSignal.build/Release-iphonesimulator/TalentSignal.build/Objects-normal/x86_64/Binary/TalentSignal

CreateUniversalBinary /tmp/talent-signal-ios-release.MxM955/Build/Products/Release-iphonesimulator/TalentSignal.app/TalentSignal normal arm64\ x86_64 (in target 'TalentSignal' from project 'TalentSignal')
    cd /Users/xiongxinwei/.codex/worktrees/7b14/talent-signal/apps/ios
    /Applications/Xcode.app/Contents/Developer/Toolchains/XcodeDefault.xctoolchain/usr/bin/lipo -create /tmp/talent-signal-ios-release.MxM955/Build/Intermediates.noindex/TalentSignal.build/Release-iphonesimulator/TalentSignal.build/Objects-normal/arm64/Binary/TalentSignal /tmp/talent-signal-ios-release.MxM955/Build/Intermediates.noindex/TalentSignal.build/Release-iphonesimulator/TalentSignal.build/Objects-normal/x86_64/Binary/TalentSignal -output /tmp/talent-signal-ios-release.MxM955/Build/Products/Release-iphonesimulator/TalentSignal.app/TalentSignal

GenerateDSYMFile /tmp/talent-signal-ios-release.MxM955/Build/Products/Release-iphonesimulator/TalentSignal.app.dSYM /tmp/talent-signal-ios-release.MxM955/Build/Products/Release-iphonesimulator/TalentSignal.app/TalentSignal (in target 'TalentSignal' from project 'TalentSignal')
    cd /Users/xiongxinwei/.codex/worktrees/7b14/talent-signal/apps/ios
    /Applications/Xcode.app/Contents/Developer/Toolchains/XcodeDefault.xctoolchain/usr/bin/dsymutil /tmp/talent-signal-ios-release.MxM955/Build/Products/Release-iphonesimulator/TalentSignal.app/TalentSignal -o /tmp/talent-signal-ios-release.MxM955/Build/Products/Release-iphonesimulator/TalentSignal.app.dSYM

ExtractAppIntentsMetadata (in target 'TalentSignal' from project 'TalentSignal')
    cd /Users/xiongxinwei/.codex/worktrees/7b14/talent-signal/apps/ios
    /Applications/Xcode.app/Contents/Developer/Toolchains/XcodeDefault.xctoolchain/usr/bin/appintentsmetadataprocessor --toolchain-dir /Applications/Xcode.app/Contents/Developer/Toolchains/XcodeDefault.xctoolchain --module-name TalentSignal --sdk-root /Applications/Xcode.app/Contents/Developer/Platforms/iPhoneSimulator.platform/Developer/SDKs/iPhoneSimulator26.4.sdk --xcode-version 17E192 --platform-family iOS --deployment-target 16.0 --bundle-identifier com.talentsignal.app --output /tmp/talent-signal-ios-release.MxM955/Build/Products/Release-iphonesimulator/TalentSignal.app --target-triple arm64-apple-ios16.0-simulator --target-triple x86_64-apple-ios16.0-simulator --binary-file /tmp/talent-signal-ios-release.MxM955/Build/Products/Release-iphonesimulator/TalentSignal.app/TalentSignal --dependency-file /tmp/talent-signal-ios-release.MxM955/Build/Intermediates.noindex/TalentSignal.build/Release-iphonesimulator/TalentSignal.build/Objects-normal/arm64/TalentSignal_dependency_info.dat --dependency-file /tmp/talent-signal-ios-release.MxM955/Build/Intermediates.noindex/TalentSignal.build/Release-iphonesimulator/TalentSignal.build/Objects-normal/x86_64/TalentSignal_dependency_info.dat --stringsdata-file /tmp/talent-signal-ios-release.MxM955/Build/Intermediates.noindex/TalentSignal.build/Release-iphonesimulator/TalentSignal.build/Objects-normal/arm64/ExtractedAppShortcutsMetadata.stringsdata --stringsdata-file /tmp/talent-signal-ios-release.MxM955/Build/Intermediates.noindex/TalentSignal.build/Release-iphonesimulator/TalentSignal.build/Objects-normal/x86_64/ExtractedAppShortcutsMetadata.stringsdata --source-file-list /tmp/talent-signal-ios-release.MxM955/Build/Intermediates.noindex/TalentSignal.build/Release-iphonesimulator/TalentSignal.build/Objects-normal/arm64/TalentSignal.SwiftFileList --source-file-list /tmp/talent-signal-ios-release.MxM955/Build/Intermediates.noindex/TalentSignal.build/Release-iphonesimulator/TalentSignal.build/Objects-normal/x86_64/TalentSignal.SwiftFileList --metadata-file-list /tmp/talent-signal-ios-release.MxM955/Build/Intermediates.noindex/TalentSignal.build/Release-iphonesimulator/TalentSignal.build/TalentSignal.DependencyMetadataFileList --static-metadata-file-list /tmp/talent-signal-ios-release.MxM955/Build/Intermediates.noindex/TalentSignal.build/Release-iphonesimulator/TalentSignal.build/TalentSignal.DependencyStaticMetadataFileList --swift-const-vals-list /tmp/talent-signal-ios-release.MxM955/Build/Intermediates.noindex/TalentSignal.build/Release-iphonesimulator/TalentSignal.build/Objects-normal/arm64/TalentSignal.SwiftConstValuesFileList --swift-const-vals-list /tmp/talent-signal-ios-release.MxM955/Build/Intermediates.noindex/TalentSignal.build/Release-iphonesimulator/TalentSignal.build/Objects-normal/x86_64/TalentSignal.SwiftConstValuesFileList --compile-time-extraction --deployment-aware-processing --validate-assistant-intents --no-app-shortcuts-localization
2026-08-05 04:15:47.611 appintentsmetadataprocessor[94238:756440] Starting appintentsmetadataprocessor export
2026-08-05 04:15:47.627 appintentsmetadataprocessor[94238:756440] warning: Metadata extraction skipped. No AppIntents.framework dependency found.

CopySwiftLibs /tmp/talent-signal-ios-release.MxM955/Build/Products/Release-iphonesimulator/TalentSignal.app (in target 'TalentSignal' from project 'TalentSignal')
    cd /Users/xiongxinwei/.codex/worktrees/7b14/talent-signal/apps/ios
    builtin-swiftStdLibTool --copy --verbose --scan-executable /tmp/talent-signal-ios-release.MxM955/Build/Products/Release-iphonesimulator/TalentSignal.app/TalentSignal --scan-folder /tmp/talent-signal-ios-release.MxM955/Build/Products/Release-iphonesimulator/TalentSignal.app/Frameworks --scan-folder /tmp/talent-signal-ios-release.MxM955/Build/Products/Release-iphonesimulator/TalentSignal.app/PlugIns --scan-folder /tmp/talent-signal-ios-release.MxM955/Build/Products/Release-iphonesimulator/TalentSignal.app/SystemExtensions --scan-folder /tmp/talent-signal-ios-release.MxM955/Build/Products/Release-iphonesimulator/TalentSignal.app/Extensions --platform iphonesimulator --toolchain /Applications/Xcode.app/Contents/Developer/Toolchains/XcodeDefault.xctoolchain --destination /tmp/talent-signal-ios-release.MxM955/Build/Products/Release-iphonesimulator/TalentSignal.app/Frameworks --strip-bitcode --strip-bitcode-tool /Applications/Xcode.app/Contents/Developer/Toolchains/XcodeDefault.xctoolchain/usr/bin/bitcode_strip --emit-dependency-info /tmp/talent-signal-ios-release.MxM955/Build/Intermediates.noindex/TalentSignal.build/Release-iphonesimulator/TalentSignal.build/SwiftStdLibToolInputDependencies.dep --filter-for-swift-os --back-deploy-swift-span
Ignoring --strip-bitcode because --sign was not passed

AppIntentsSSUTraining (in target 'TalentSignal' from project 'TalentSignal')
    cd /Users/xiongxinwei/.codex/worktrees/7b14/talent-signal/apps/ios
    /Applications/Xcode.app/Contents/Developer/Toolchains/XcodeDefault.xctoolchain/usr/bin/appintentsnltrainingprocessor --infoplist-path /tmp/talent-signal-ios-release.MxM955/Build/Products/Release-iphonesimulator/TalentSignal.app/Info.plist --temp-dir-path /tmp/talent-signal-ios-release.MxM955/Build/Intermediates.noindex/TalentSignal.build/Release-iphonesimulator/TalentSignal.build/ssu --bundle-id com.talentsignal.app --product-path /tmp/talent-signal-ios-release.MxM955/Build/Products/Release-iphonesimulator/TalentSignal.app --extracted-metadata-path /tmp/talent-signal-ios-release.MxM955/Build/Products/Release-iphonesimulator/TalentSignal.app/Metadata.appintents --metadata-file-list /tmp/talent-signal-ios-release.MxM955/Build/Intermediates.noindex/TalentSignal.build/Release-iphonesimulator/TalentSignal.build/TalentSignal.DependencyMetadataFileList --source-file /tmp/talent-signal-ios-release.MxM955/Build/Products/Release-iphonesimulator/TalentSignal.app/Info.plist --archive-ssu-assets
2026-08-05 04:15:47.726 appintentsnltrainingprocessor[94239:756454] Parsing options for appintentsnltrainingprocessor
2026-08-05 04:15:47.728 appintentsnltrainingprocessor[94239:756454] Starting AppIntents SSU YAML Generation
2026-08-05 04:15:47.733 appintentsnltrainingprocessor[94239:756454] No AppShortcuts found - Skipping.

RegisterExecutionPolicyException /tmp/talent-signal-ios-release.MxM955/Build/Products/Release-iphonesimulator/TalentSignal.app (in target 'TalentSignal' from project 'TalentSignal')
    cd /Users/xiongxinwei/.codex/worktrees/7b14/talent-signal/apps/ios
    builtin-RegisterExecutionPolicyException /tmp/talent-signal-ios-release.MxM955/Build/Products/Release-iphonesimulator/TalentSignal.app

Validate /tmp/talent-signal-ios-release.MxM955/Build/Products/Release-iphonesimulator/TalentSignal.app (in target 'TalentSignal' from project 'TalentSignal')
    cd /Users/xiongxinwei/.codex/worktrees/7b14/talent-signal/apps/ios
    builtin-validationUtility /tmp/talent-signal-ios-release.MxM955/Build/Products/Release-iphonesimulator/TalentSignal.app -shallow-bundle -infoplist-subpath Info.plist

Touch /tmp/talent-signal-ios-release.MxM955/Build/Products/Release-iphonesimulator/TalentSignal.app (in target 'TalentSignal' from project 'TalentSignal')
    cd /Users/xiongxinwei/.codex/worktrees/7b14/talent-signal/apps/ios
    /usr/bin/touch -c /tmp/talent-signal-ios-release.MxM955/Build/Products/Release-iphonesimulator/TalentSignal.app

** BUILD SUCCEEDED **
